csaf_files/OT/white/2025/icsma-25-205-01.json,2025-07-24T06:00:00.000000Z
csaf_files/OT/white/2025/icsma-25-198-01.json,2025-07-17T06:00:00.000000Z
csaf_files/OT/white/2025/icsma-25-160-01.json,2025-06-10T06:00:00.000000Z
csaf_files/OT/white/2025/icsma-25-148-01.json,2025-05-29T06:00:00.000000Z
csaf_files/OT/white/2025/icsma-25-128-01.json,2025-05-08T06:00:00.000000Z
csaf_files/OT/white/2025/icsma-25-121-01.json,2025-05-06T06:00:00.000000Z
csaf_files/OT/white/2025/icsma-25-100-01.json,2025-05-06T06:00:00.000000Z
csaf_files/OT/white/2025/icsma-25-079-01.json,2025-03-20T06:00:00.000000Z
csaf_files/OT/white/2025/icsma-25-072-01.json,2025-03-13T06:00:00.000000Z
csaf_files/OT/white/2025/icsma-25-058-01.json,2025-02-27T07:00:00.000000Z
csaf_files/OT/white/2025/icsma-25-051-01.json,2025-02-20T07:00:00.000000Z
csaf_files/OT/white/2025/icsma-25-044-01.json,2025-02-13T07:00:00.000000Z
csaf_files/OT/white/2025/icsma-25-037-02.json,2025-02-06T07:00:00.000000Z
csaf_files/OT/white/2025/icsma-25-037-01.json,2025-02-06T07:00:00.000000Z
csaf_files/OT/white/2025/icsma-25-030-01.json,2025-02-25T07:00:00.000000Z
csaf_files/OT/white/2025/icsa-25-217-02.json,2025-08-05T06:00:00.000000Z
csaf_files/OT/white/2025/icsa-25-217-01.json,2025-08-05T06:00:00.000000Z
csaf_files/OT/white/2025/icsa-25-212-02.json,2025-07-31T06:00:00.000000Z
csaf_files/OT/white/2025/icsa-25-212-01.json,2025-07-31T06:00:00.000000Z
csaf_files/OT/white/2025/icsa-25-210-03.json,2025-07-29T06:00:00.000000Z
csaf_files/OT/white/2025/icsa-25-210-02.json,2025-07-29T06:00:00.000000Z
csaf_files/OT/white/2025/icsa-25-210-01.json,2025-07-29T06:00:00.000000Z
csaf_files/OT/white/2025/icsa-25-205-04.json,2025-07-25T05:00:00.000000Z
csaf_files/OT/white/2025/icsa-25-205-03.json,2025-07-24T06:00:00.000000Z
csaf_files/OT/white/2025/icsa-25-205-02.json,2025-07-24T06:00:00.000000Z
csaf_files/OT/white/2025/icsa-25-205-01.json,2025-07-24T06:00:00.000000Z
csaf_files/OT/white/2025/icsa-25-203-06.json,2025-07-08T04:00:00.000000Z
csaf_files/OT/white/2025/icsa-25-203-05.json,2025-07-08T04:00:00.000000Z
csaf_files/OT/white/2025/icsa-25-203-04.json,2025-07-22T06:00:00.000000Z
csaf_files/OT/white/2025/icsa-25-203-03.json,2025-07-08T04:00:00.000000Z
csaf_files/OT/white/2025/icsa-25-203-02.json,2025-07-22T06:00:00.000000Z
csaf_files/OT/white/2025/icsa-25-203-01.json,2025-07-22T06:00:00.000000Z
csaf_files/OT/white/2025/icsa-25-198-01.json,2025-07-17T06:00:00.000000Z
csaf_files/OT/white/2025/icsa-25-196-03.json,2025-07-15T06:00:00.000000Z
csaf_files/OT/white/2025/icsa-25-196-02.json,2025-07-15T06:00:00.000000Z
csaf_files/OT/white/2025/icsa-25-196-01.json,2025-04-29T12:30:00.000000Z
csaf_files/OT/white/2025/icsa-25-191-10.json,2025-07-10T06:00:00.000000Z
csaf_files/OT/white/2025/icsa-25-191-09.json,2025-07-10T06:00:00.000000Z
csaf_files/OT/white/2025/icsa-25-191-08.json,2025-07-10T06:00:00.000000Z
csaf_files/OT/white/2025/icsa-25-191-07.json,2025-07-10T06:00:00.000000Z
csaf_files/OT/white/2025/icsa-25-191-06.json,2025-07-08T00:00:00.000000Z
csaf_files/OT/white/2025/icsa-25-191-05.json,2025-07-08T00:00:00.000000Z
csaf_files/OT/white/2025/icsa-25-191-04.json,2025-07-08T00:00:00.000000Z
csaf_files/OT/white/2025/icsa-25-191-03.json,2025-07-08T00:00:00.000000Z
csaf_files/OT/white/2025/icsa-25-191-02.json,2025-07-08T00:00:00.000000Z
csaf_files/OT/white/2025/icsa-25-191-01.json,2025-07-08T00:00:00.000000Z
csaf_files/OT/white/2025/icsa-25-189-01.json,2025-07-08T06:00:00.000000Z
csaf_files/OT/white/2025/icsa-25-184-04.json,2025-07-03T06:00:00.000000Z
csaf_files/OT/white/2025/icsa-25-184-03.json,2025-07-03T06:00:00.000000Z
csaf_files/OT/white/2025/icsa-25-184-02.json,2025-07-03T06:00:00.000000Z
csaf_files/OT/white/2025/icsa-25-184-01.json,2025-06-24T12:30:00.000000Z
csaf_files/OT/white/2025/icsa-25-182-07.json,2025-06-24T12:30:00.000000Z
csaf_files/OT/white/2025/icsa-25-182-06.json,2025-06-24T12:30:00.000000Z
csaf_files/OT/white/2025/icsa-25-182-05.json,2025-07-01T06:00:00.000000Z
csaf_files/OT/white/2025/icsa-25-182-04.json,2025-06-23T08:00:00.000000Z
csaf_files/OT/white/2025/icsa-25-182-03.json,2024-12-03T11:00:00.000000Z
csaf_files/OT/white/2025/icsa-25-182-02.json,2023-12-05T07:00:00.000000Z
csaf_files/OT/white/2025/icsa-25-182-01.json,2024-09-09T07:00:00.000000Z
csaf_files/OT/white/2025/icsa-25-177-02.json,2025-06-26T05:00:00.000000Z
csaf_files/OT/white/2025/icsa-25-177-01.json,2025-06-26T06:00:00.000000Z
csaf_files/OT/white/2025/icsa-25-175-07.json,2025-06-24T06:00:00.000000Z
csaf_files/OT/white/2025/icsa-25-175-06.json,2025-06-24T06:00:00.000000Z
csaf_files/OT/white/2025/icsa-25-175-05.json,2025-06-24T06:00:00.000000Z
csaf_files/OT/white/2025/icsa-25-175-04.json,2025-07-08T04:00:00.000000Z
csaf_files/OT/white/2025/icsa-25-175-03.json,2025-07-08T04:00:00.000000Z
csaf_files/OT/white/2025/icsa-25-175-02.json,2025-06-24T06:00:00.000000Z
csaf_files/OT/white/2025/icsa-25-175-01.json,2025-06-24T06:00:00.000000Z
csaf_files/OT/white/2025/icsa-25-168-05.json,2025-06-17T06:00:00.000000Z
csaf_files/OT/white/2025/icsa-25-168-04.json,2025-06-17T06:00:00.000000Z
csaf_files/OT/white/2025/icsa-25-168-02.json,2025-06-17T06:00:00.000000Z
csaf_files/OT/white/2025/icsa-25-168-01.json,2025-07-08T00:00:00.000000Z
csaf_files/OT/white/2025/icsa-25-162-10.json,2025-06-12T06:00:00.000000Z
csaf_files/OT/white/2025/icsa-25-162-09.json,2025-06-12T06:00:00.000000Z
csaf_files/OT/white/2025/icsa-25-162-08.json,2025-06-12T06:00:00.000000Z
csaf_files/OT/white/2025/icsa-25-162-07.json,2025-06-12T06:00:00.000000Z
csaf_files/OT/white/2025/icsa-25-162-06.json,2025-06-10T00:00:00.000000Z
csaf_files/OT/white/2025/icsa-25-162-05.json,2025-06-10T00:00:00.000000Z
csaf_files/OT/white/2025/icsa-25-162-04.json,2025-06-10T00:00:00.000000Z
csaf_files/OT/white/2025/icsa-25-162-03.json,2025-06-10T00:00:00.000000Z
csaf_files/OT/white/2025/icsa-25-162-02.json,2025-07-08T00:00:00.000000Z
csaf_files/OT/white/2025/icsa-25-162-01.json,2025-06-10T00:00:00.000000Z
csaf_files/OT/white/2025/icsa-25-160-02.json,2025-05-27T12:30:00.000000Z
csaf_files/OT/white/2025/icsa-25-160-01.json,2025-06-10T05:00:00.000000Z
csaf_files/OT/white/2025/icsa-25-155-02.json,2025-05-27T12:30:00.000000Z
csaf_files/OT/white/2025/icsa-25-155-01.json,2025-06-05T06:00:00.000000Z
csaf_files/OT/white/2025/icsa-25-153-03.json,2025-06-03T06:00:00.000000Z
csaf_files/OT/white/2025/icsa-25-153-02.json,2025-05-13T04:00:00.000000Z
csaf_files/OT/white/2025/icsa-25-153-01.json,2025-06-03T06:00:00.000000Z
csaf_files/OT/white/2025/icsa-25-148-04.json,2025-05-29T06:00:00.000000Z
csaf_files/OT/white/2025/icsa-25-148-03.json,2025-05-29T06:00:00.000000Z
csaf_files/OT/white/2025/icsa-25-148-02.json,2025-05-13T00:00:00.000000Z
csaf_files/OT/white/2025/icsa-25-148-01.json,2025-05-13T00:00:00.000000Z
csaf_files/OT/white/2025/icsa-25-146-01.json,2025-05-27T06:00:00.000000Z
csaf_files/OT/white/2025/icsa-25-142-02.json,2025-05-22T06:00:00.000000Z
csaf_files/OT/white/2025/icsa-25-142-01.json,2025-05-22T06:00:00.000000Z
csaf_files/OT/white/2025/icsa-25-140-11.json,2025-06-10T06:00:00.000000Z
csaf_files/OT/white/2025/icsa-25-140-10.json,2025-05-20T06:00:00.000000Z
csaf_files/OT/white/2025/icsa-25-140-09.json,2025-05-20T06:00:00.000000Z
csaf_files/OT/white/2025/icsa-25-140-08.json,2025-07-08T04:00:00.000000Z
csaf_files/OT/white/2025/icsa-25-140-07.json,2025-05-13T04:00:00.000000Z
csaf_files/OT/white/2025/icsa-25-140-06.json,2025-05-13T04:00:00.000000Z
csaf_files/OT/white/2025/icsa-25-140-05.json,2025-05-14T00:00:00.000000Z
csaf_files/OT/white/2025/icsa-25-140-04.json,2025-05-20T06:00:00.000000Z
csaf_files/OT/white/2025/icsa-25-140-03.json,2025-05-20T06:00:00.000000Z
csaf_files/OT/white/2025/icsa-25-140-02.json,2025-05-20T06:00:00.000000Z
csaf_files/OT/white/2025/icsa-25-140-01.json,2025-05-20T06:00:00.000000Z
csaf_files/OT/white/2025/icsa-25-135-20.json,2025-05-15T06:00:00.000000Z
csaf_files/OT/white/2025/icsa-25-135-19.json,2025-07-10T06:00:00.000000Z
csaf_files/OT/white/2025/icsa-25-135-18.json,2025-05-13T00:00:00.000000Z
csaf_files/OT/white/2025/icsa-25-135-17.json,2025-06-10T00:00:00.000000Z
csaf_files/OT/white/2025/icsa-25-135-16.json,2025-05-13T00:00:00.000000Z
csaf_files/OT/white/2025/icsa-25-135-15.json,2025-06-12T00:00:00.000000Z
csaf_files/OT/white/2025/icsa-25-135-14.json,2025-05-13T00:00:00.000000Z
csaf_files/OT/white/2025/icsa-25-135-13.json,2025-05-13T00:00:00.000000Z
csaf_files/OT/white/2025/icsa-25-135-12.json,2025-05-13T00:00:00.000000Z
csaf_files/OT/white/2025/icsa-25-135-11.json,2025-05-13T00:00:00.000000Z
csaf_files/OT/white/2025/icsa-25-135-10.json,2025-05-13T00:00:00.000000Z
csaf_files/OT/white/2025/icsa-25-135-09.json,2025-07-08T00:00:00.000000Z
csaf_files/OT/white/2025/icsa-25-135-08.json,2025-05-13T00:00:00.000000Z
csaf_files/OT/white/2025/icsa-25-135-07.json,2025-05-13T00:00:00.000000Z
csaf_files/OT/white/2025/icsa-25-135-06.json,2025-05-13T00:00:00.000000Z
csaf_files/OT/white/2025/icsa-25-135-05.json,2025-05-13T00:00:00.000000Z
csaf_files/OT/white/2025/icsa-25-135-04.json,2025-05-13T00:00:00.000000Z
csaf_files/OT/white/2025/icsa-25-135-03.json,2025-05-13T00:00:00.000000Z
csaf_files/OT/white/2025/icsa-25-135-02.json,2025-05-13T00:00:00.000000Z
csaf_files/OT/white/2025/icsa-25-135-01.json,2025-07-08T00:00:00.000000Z
csaf_files/OT/white/2025/icsa-25-133-04.json,2025-05-13T06:00:00.000000Z
csaf_files/OT/white/2025/icsa-25-133-03.json,2025-02-25T13:30:00.000000Z
csaf_files/OT/white/2025/icsa-25-133-02.json,2025-05-27T12:30:00.000000Z
csaf_files/OT/white/2025/icsa-25-133-01.json,2025-02-25T13:30:00.000000Z
csaf_files/OT/white/2025/icsa-25-128-03.json,2025-05-08T06:00:00.000000Z
csaf_files/OT/white/2025/icsa-25-128-02.json,2024-12-18T09:00:00.000000Z
csaf_files/OT/white/2025/icsa-25-128-01.json,2025-05-08T06:00:00.000000Z
csaf_files/OT/white/2025/icsa-25-126-03.json,2025-05-08T06:00:00.000000Z
csaf_files/OT/white/2025/icsa-25-126-02.json,2025-05-06T06:00:00.000000Z
csaf_files/OT/white/2025/icsa-25-126-01.json,2025-05-06T06:00:00.000000Z
csaf_files/OT/white/2025/icsa-25-121-01.json,2025-07-10T06:00:00.000000Z
csaf_files/OT/white/2025/icsa-25-119-02.json,2025-05-06T06:00:00.000000Z
csaf_files/OT/white/2025/icsa-25-119-01.json,2025-05-06T06:00:00.000000Z
csaf_files/OT/white/2025/icsa-25-114-06.json,2025-05-06T06:00:00.000000Z
csaf_files/OT/white/2025/icsa-25-114-05.json,2025-05-06T06:00:00.000000Z
csaf_files/OT/white/2025/icsa-25-114-04.json,2025-05-06T06:00:00.000000Z
csaf_files/OT/white/2025/icsa-25-114-03.json,2025-04-24T06:00:00.000000Z
csaf_files/OT/white/2025/icsa-25-114-02.json,2025-04-24T06:00:00.000000Z
csaf_files/OT/white/2025/icsa-25-114-01.json,2025-02-11T06:00:00.000000Z
csaf_files/OT/white/2025/icsa-25-112-04.json,2025-04-10T08:30:00.000000Z
csaf_files/OT/white/2025/icsa-25-112-03.json,2025-05-06T06:00:00.000000Z
csaf_files/OT/white/2025/icsa-25-112-02.json,2025-05-06T06:00:00.000000Z
csaf_files/OT/white/2025/icsa-25-112-01.json,2025-05-06T06:00:00.000000Z
csaf_files/OT/white/2025/icsa-25-107-04.json,2025-04-17T06:00:00.000000Z
csaf_files/OT/white/2025/icsa-25-107-03.json,2025-04-08T04:00:00.000000Z
csaf_files/OT/white/2025/icsa-25-107-02.json,2024-07-09T00:00:00.000000Z
csaf_files/OT/white/2025/icsa-25-107-01.json,2025-04-08T04:00:00.000000Z
csaf_files/OT/white/2025/icsa-25-105-09.json,2025-05-06T06:00:00.000000Z
csaf_files/OT/white/2025/icsa-25-105-08.json,2025-04-07T10:30:00.000000Z
csaf_files/OT/white/2025/icsa-25-105-07.json,2025-04-15T06:00:00.000000Z
csaf_files/OT/white/2025/icsa-25-105-06.json,2025-05-06T06:00:00.000000Z
csaf_files/OT/white/2025/icsa-25-105-05.json,2025-04-29T06:00:00.000000Z
csaf_files/OT/white/2025/icsa-25-105-04.json,2025-05-06T06:00:00.000000Z
csaf_files/OT/white/2025/icsa-25-105-03.json,2025-07-10T00:00:00.000000Z
csaf_files/OT/white/2025/icsa-25-105-02.json,2025-05-13T00:00:00.000000Z
csaf_files/OT/white/2025/icsa-25-105-01.json,2025-06-10T00:00:00.000000Z
csaf_files/OT/white/2025/icsa-25-100-09.json,2025-04-07T10:30:00.000000Z
csaf_files/OT/white/2025/icsa-25-100-08.json,2025-05-06T06:00:00.000000Z
csaf_files/OT/white/2025/icsa-25-100-07.json,2025-05-06T06:00:00.000000Z
csaf_files/OT/white/2025/icsa-25-100-06.json,2025-04-08T00:00:00.000000Z
csaf_files/OT/white/2025/icsa-25-100-05.json,2025-04-08T00:00:00.000000Z
csaf_files/OT/white/2025/icsa-25-100-04.json,2025-05-06T06:00:00.000000Z
csaf_files/OT/white/2025/icsa-25-100-03.json,2025-05-06T06:00:00.000000Z
csaf_files/OT/white/2025/icsa-25-100-02.json,2025-05-06T06:00:00.000000Z
csaf_files/OT/white/2025/icsa-25-100-01.json,2025-05-06T06:00:00.000000Z
csaf_files/OT/white/2025/icsa-25-093-05.json,2025-03-24T00:30:00.000000Z
csaf_files/OT/white/2025/icsa-25-093-04.json,2025-03-26T00:30:00.000000Z
csaf_files/OT/white/2025/icsa-25-093-03.json,2025-03-26T00:30:00.000000Z
csaf_files/OT/white/2025/icsa-25-093-02.json,2025-03-25T13:30:00.000000Z
csaf_files/OT/white/2025/icsa-25-093-01.json,2025-04-29T12:30:00.000000Z
csaf_files/OT/white/2025/icsa-25-091-01.json,2025-04-01T06:00:00.000000Z
csaf_files/OT/white/2025/icsa-25-084-04.json,2025-03-25T06:00:00.000000Z
csaf_files/OT/white/2025/icsa-25-084-03.json,2025-03-25T06:00:00.000000Z
csaf_files/OT/white/2025/icsa-25-084-02.json,2025-03-25T06:00:00.000000Z
csaf_files/OT/white/2025/icsa-25-084-01.json,2025-03-11T00:30:00.000000Z
csaf_files/OT/white/2025/icsa-25-079-04.json,2025-03-20T06:00:00.000000Z
csaf_files/OT/white/2025/icsa-25-079-03.json,2025-05-06T06:00:00.000000Z
csaf_files/OT/white/2025/icsa-25-079-02.json,2025-02-11T06:00:00.000000Z
csaf_files/OT/white/2025/icsa-25-079-01.json,2025-02-11T06:00:00.000000Z
csaf_files/OT/white/2025/icsa-25-077-05.json,2025-02-11T06:00:00.000000Z
csaf_files/OT/white/2025/icsa-25-077-04.json,2025-03-11T04:00:00.000000Z
csaf_files/OT/white/2025/icsa-25-077-03.json,2025-03-11T04:00:00.000000Z
csaf_files/OT/white/2025/icsa-25-077-02.json,2025-03-18T06:00:00.000000Z
csaf_files/OT/white/2025/icsa-25-077-01.json,2025-03-18T06:00:00.000000Z
csaf_files/OT/white/2025/icsa-25-072-12.json,2025-03-13T06:00:00.000000Z
csaf_files/OT/white/2025/icsa-25-072-11.json,2025-06-10T00:00:00.000000Z
csaf_files/OT/white/2025/icsa-25-072-10.json,2025-03-11T00:00:00.000000Z
csaf_files/OT/white/2025/icsa-25-072-09.json,2025-06-10T00:00:00.000000Z
csaf_files/OT/white/2025/icsa-25-072-08.json,2025-05-06T06:00:00.000000Z
csaf_files/OT/white/2025/icsa-25-072-07.json,2025-03-11T00:00:00.000000Z
csaf_files/OT/white/2025/icsa-25-072-06.json,2025-05-06T06:00:00.000000Z
csaf_files/OT/white/2025/icsa-25-072-05.json,2025-03-11T00:00:00.000000Z
csaf_files/OT/white/2025/icsa-25-072-04.json,2025-05-06T06:00:00.000000Z
csaf_files/OT/white/2025/icsa-25-072-03.json,2025-04-08T00:00:00.000000Z
csaf_files/OT/white/2025/icsa-25-072-02.json,2025-03-11T00:00:00.000000Z
csaf_files/OT/white/2025/icsa-25-072-01.json,2025-05-06T06:00:00.000000Z
csaf_files/OT/white/2025/icsa-25-070-02.json,2025-03-11T06:00:00.000000Z
csaf_files/OT/white/2025/icsa-25-070-01.json,2025-07-08T04:00:00.000000Z
csaf_files/OT/white/2025/icsa-25-065-02.json,2025-02-25T13:30:00.000000Z
csaf_files/OT/white/2025/icsa-25-065-01.json,2025-02-25T13:30:00.000000Z
csaf_files/OT/white/2025/icsa-25-063-08.json,2025-03-04T07:00:00.000000Z
csaf_files/OT/white/2025/icsa-25-063-07.json,2025-03-04T07:00:00.000000Z
csaf_files/OT/white/2025/icsa-25-063-06.json,2025-03-04T07:00:00.000000Z
csaf_files/OT/white/2025/icsa-25-063-05.json,2024-06-11T12:30:00.000000Z
csaf_files/OT/white/2025/icsa-25-063-04.json,2024-06-11T12:30:00.000000Z
csaf_files/OT/white/2025/icsa-25-063-03.json,2025-02-25T13:30:00.000000Z
csaf_files/OT/white/2025/icsa-25-063-02.json,2025-03-04T07:00:00.000000Z
csaf_files/OT/white/2025/icsa-25-063-01.json,2025-03-04T07:00:00.000000Z
csaf_files/OT/white/2025/icsa-25-058-01.json,2025-04-08T04:00:00.000000Z
csaf_files/OT/white/2025/icsa-25-056-01.json,2025-02-25T07:00:00.000000Z
csaf_files/OT/white/2025/icsa-25-051-06.json,2025-02-18T07:00:00.000000Z
csaf_files/OT/white/2025/icsa-25-051-05.json,2025-02-20T07:00:00.000000Z
csaf_files/OT/white/2025/icsa-25-051-04.json,2025-05-06T06:00:00.000000Z
csaf_files/OT/white/2025/icsa-25-051-03.json,2025-02-20T07:00:00.000000Z
csaf_files/OT/white/2025/icsa-25-051-02.json,2025-02-14T00:30:00.000000Z
csaf_files/OT/white/2025/icsa-25-051-01.json,2025-02-05T00:30:00.000000Z
csaf_files/OT/white/2025/icsa-25-044-18.json,2025-02-13T07:00:00.000000Z
csaf_files/OT/white/2025/icsa-25-044-17.json,2025-02-13T07:00:00.000000Z
csaf_files/OT/white/2025/icsa-25-044-16.json,2025-02-13T07:00:00.000000Z
csaf_files/OT/white/2025/icsa-25-044-15.json,2025-02-13T07:00:00.000000Z
csaf_files/OT/white/2025/icsa-25-044-14.json,2025-05-06T06:00:00.000000Z
csaf_files/OT/white/2025/icsa-25-044-13.json,2025-05-06T06:00:00.000000Z
csaf_files/OT/white/2025/icsa-25-044-12.json,2025-04-08T00:00:00.000000Z
csaf_files/OT/white/2025/icsa-25-044-11.json,2025-02-11T00:00:00.000000Z
csaf_files/OT/white/2025/icsa-25-044-10.json,2025-05-06T06:00:00.000000Z
csaf_files/OT/white/2025/icsa-25-044-09.json,2025-05-06T06:00:00.000000Z
csaf_files/OT/white/2025/icsa-25-044-08.json,2025-05-06T06:00:00.000000Z
csaf_files/OT/white/2025/icsa-25-044-07.json,2025-06-10T00:00:00.000000Z
csaf_files/OT/white/2025/icsa-25-044-06.json,2025-07-08T00:00:00.000000Z
csaf_files/OT/white/2025/icsa-25-044-05.json,2025-05-13T00:00:00.000000Z
csaf_files/OT/white/2025/icsa-25-044-04.json,2025-05-06T06:00:00.000000Z
csaf_files/OT/white/2025/icsa-25-044-03.json,2025-02-11T00:00:00.000000Z
csaf_files/OT/white/2025/icsa-25-044-02.json,2025-05-06T06:00:00.000000Z
csaf_files/OT/white/2025/icsa-25-044-01.json,2025-05-06T06:00:00.000000Z
csaf_files/OT/white/2025/icsa-25-037-04.json,2025-02-11T07:00:00.000000Z
csaf_files/OT/white/2025/icsa-25-037-03.json,2025-01-10T03:30:00.000000Z
csaf_files/OT/white/2025/icsa-25-037-02.json,2025-07-15T06:00:00.000000Z
csaf_files/OT/white/2025/icsa-25-037-01.json,2025-05-13T04:00:00.000000Z
csaf_files/OT/white/2025/icsa-25-035-08.json,2025-02-04T07:00:00.000000Z
csaf_files/OT/white/2025/icsa-25-035-07.json,2025-02-04T07:00:00.000000Z
csaf_files/OT/white/2025/icsa-25-035-06.json,2025-02-04T07:00:00.000000Z
csaf_files/OT/white/2025/icsa-25-035-05.json,2025-02-04T07:00:00.000000Z
csaf_files/OT/white/2025/icsa-25-035-04.json,2025-04-08T04:00:00.000000Z
csaf_files/OT/white/2025/icsa-25-035-03.json,2025-02-04T07:00:00.000000Z
csaf_files/OT/white/2025/icsa-25-035-02.json,2025-02-18T07:00:00.000000Z
csaf_files/OT/white/2025/icsa-25-035-01.json,2025-02-04T07:00:00.000000Z
csaf_files/OT/white/2025/icsa-25-030-05.json,2025-01-30T07:00:00.000000Z
csaf_files/OT/white/2025/icsa-25-030-04.json,2025-01-30T07:00:00.000000Z
csaf_files/OT/white/2025/icsa-25-030-03.json,2024-10-08T00:00:00.000000Z
csaf_files/OT/white/2025/icsa-25-030-02.json,2025-01-30T07:00:00.000000Z
csaf_files/OT/white/2025/icsa-25-030-01.json,2024-06-11T12:30:00.000000Z
csaf_files/OT/white/2025/icsa-25-028-06.json,2025-01-28T07:00:00.000000Z
csaf_files/OT/white/2025/icsa-25-028-05.json,2025-01-28T07:00:00.000000Z
csaf_files/OT/white/2025/icsa-25-028-04.json,2025-01-28T07:00:00.000000Z
csaf_files/OT/white/2025/icsa-25-028-03.json,2025-01-28T07:00:00.000000Z
csaf_files/OT/white/2025/icsa-25-028-02.json,2025-01-28T07:00:00.000000Z
csaf_files/OT/white/2025/icsa-25-028-01.json,2025-01-15T03:30:00.000000Z
csaf_files/OT/white/2025/icsa-25-023-06.json,2025-01-23T07:00:00.000000Z
csaf_files/OT/white/2025/icsa-25-023-05.json,2025-05-13T04:00:00.000000Z
csaf_files/OT/white/2025/icsa-25-023-04.json,2024-10-08T00:00:00.000000Z
csaf_files/OT/white/2025/icsa-25-023-03.json,2024-10-08T00:00:00.000000Z
csaf_files/OT/white/2025/icsa-25-023-02.json,2024-04-30T12:30:00.000000Z
csaf_files/OT/white/2025/icsa-25-023-01.json,2025-01-23T07:00:00.000000Z
csaf_files/OT/white/2025/icsa-25-021-03.json,2025-01-21T07:00:00.000000Z
csaf_files/OT/white/2025/icsa-25-021-02.json,2025-05-06T06:00:00.000000Z
csaf_files/OT/white/2025/icsa-25-021-01.json,2024-01-21T07:00:00.000000Z
csaf_files/OT/white/2025/icsa-25-016-08.json,2024-10-08T00:00:00.000000Z
csaf_files/OT/white/2025/icsa-25-016-07.json,2024-06-11T12:30:00.000000Z
csaf_files/OT/white/2025/icsa-25-016-06.json,2024-06-11T12:30:00.000000Z
csaf_files/OT/white/2025/icsa-25-016-05.json,2025-01-16T07:00:00.000000Z
csaf_files/OT/white/2025/icsa-25-016-04.json,2025-05-06T06:00:00.000000Z
csaf_files/OT/white/2025/icsa-25-016-03.json,2025-05-06T06:00:00.000000Z
csaf_files/OT/white/2025/icsa-25-016-02.json,2025-01-14T00:00:00.000000Z
csaf_files/OT/white/2025/icsa-25-016-01.json,2025-05-06T06:00:00.000000Z
csaf_files/OT/white/2025/icsa-25-014-04.json,2025-01-14T07:00:00.000000Z
csaf_files/OT/white/2025/icsa-25-014-03.json,2024-09-10T00:00:00.000000Z
csaf_files/OT/white/2025/icsa-25-014-02.json,2025-07-08T04:00:00.000000Z
csaf_files/OT/white/2025/icsa-25-014-01.json,2024-10-29T13:30:00.000000Z
csaf_files/OT/white/2025/icsa-25-010-03.json,2025-01-16T07:00:00.000000Z
csaf_files/OT/white/2025/icsa-25-010-02.json,2024-12-10T00:00:00.000000Z
csaf_files/OT/white/2025/icsa-25-010-01.json,2024-12-10T00:00:00.000000Z
csaf_files/OT/white/2025/icsa-25-007-02.json,2025-01-07T07:00:00.000000Z
csaf_files/OT/white/2025/icsa-25-007-01.json,2024-12-05T00:30:00.000000Z
csaf_files/OT/white/2024/icsma-24-354-01.json,2024-12-19T07:00:00.000000Z
csaf_files/OT/white/2024/icsma-24-352-01.json,2025-01-28T07:00:00.000000Z
csaf_files/OT/white/2024/icsma-24-319-01.json,2024-11-14T07:00:00.000000Z
csaf_files/OT/white/2024/icsma-24-254-01.json,2024-09-10T06:00:00.000000Z
csaf_files/OT/white/2024/icsma-24-249-01.json,2024-09-05T06:00:00.000000Z
csaf_files/OT/white/2024/icsma-24-200-01.json,2024-11-21T07:00:00.000000Z
csaf_files/OT/white/2024/icsma-24-163-01.json,2024-06-11T06:00:00.000000Z
csaf_files/OT/white/2024/icsma-24-151-02.json,2024-05-30T06:00:00.000000Z
csaf_files/OT/white/2024/icsma-24-151-01.json,2024-05-30T06:00:00.000000Z
csaf_files/OT/white/2024/icsma-24-065-01.json,2024-03-05T07:00:00.000000Z
csaf_files/OT/white/2024/icsma-24-060-01.json,2024-02-29T07:00:00.000000Z
csaf_files/OT/white/2024/icsma-24-058-01.json,2024-02-27T07:00:00.000000Z
csaf_files/OT/white/2024/icsma-24-023-01.json,2024-01-23T07:00:00.000000Z
csaf_files/OT/white/2024/icsa-24-354-07.json,2024-08-13T00:00:00.000000Z
csaf_files/OT/white/2024/icsa-24-354-06.json,2024-08-13T00:00:00.000000Z
csaf_files/OT/white/2024/icsa-24-354-05.json,2024-12-19T07:00:00.000000Z
csaf_files/OT/white/2024/icsa-24-354-04.json,2025-06-10T00:00:00.000000Z
csaf_files/OT/white/2024/icsa-24-354-03.json,2024-12-19T07:00:00.000000Z
csaf_files/OT/white/2024/icsa-24-354-02.json,2024-04-30T12:30:00.000000Z
csaf_files/OT/white/2024/icsa-24-354-01.json,2024-12-19T07:00:00.000000Z
csaf_files/OT/white/2024/icsa-24-352-04.json,2025-03-11T04:00:00.000000Z
csaf_files/OT/white/2024/icsa-24-352-03.json,2024-12-17T07:00:00.000000Z
csaf_files/OT/white/2024/icsa-24-352-02.json,2024-12-17T07:00:00.000000Z
csaf_files/OT/white/2024/icsa-24-352-01.json,2024-12-17T07:00:00.000000Z
csaf_files/OT/white/2024/icsa-24-347-10.json,2025-06-10T00:00:00.000000Z
csaf_files/OT/white/2024/icsa-24-347-09.json,2025-05-06T06:00:00.000000Z
csaf_files/OT/white/2024/icsa-24-347-08.json,2025-05-06T06:00:00.000000Z
csaf_files/OT/white/2024/icsa-24-347-07.json,2024-12-10T00:00:00.000000Z
csaf_files/OT/white/2024/icsa-24-347-06.json,2024-12-10T00:00:00.000000Z
csaf_files/OT/white/2024/icsa-24-347-05.json,2024-12-10T00:00:00.000000Z
csaf_files/OT/white/2024/icsa-24-347-04.json,2025-05-06T06:00:00.000000Z
csaf_files/OT/white/2024/icsa-24-347-03.json,2025-05-06T06:00:00.000000Z
csaf_files/OT/white/2024/icsa-24-347-02.json,2025-04-08T00:00:00.000000Z
csaf_files/OT/white/2024/icsa-24-347-01.json,2025-05-06T06:00:00.000000Z
csaf_files/OT/white/2024/icsa-24-345-06.json,2025-01-09T07:00:00.000000Z
csaf_files/OT/white/2024/icsa-24-345-05.json,2024-12-10T07:00:00.000000Z
csaf_files/OT/white/2024/icsa-24-345-04.json,2024-12-10T07:00:00.000000Z
csaf_files/OT/white/2024/icsa-24-345-03.json,2024-07-09T00:00:00.000000Z
csaf_files/OT/white/2024/icsa-24-345-02.json,2024-07-09T00:00:00.000000Z
csaf_files/OT/white/2024/icsa-24-345-01.json,2024-12-10T07:00:00.000000Z
csaf_files/OT/white/2024/icsa-24-340-02.json,2024-12-05T07:00:00.000000Z
csaf_files/OT/white/2024/icsa-24-340-01.json,2024-12-05T07:00:00.000000Z
csaf_files/OT/white/2024/icsa-24-338-06.json,2025-07-29T06:00:00.000000Z
csaf_files/OT/white/2024/icsa-24-338-05.json,2025-05-06T06:00:00.000000Z
csaf_files/OT/white/2024/icsa-24-338-04.json,2024-12-03T07:00:00.000000Z
csaf_files/OT/white/2024/icsa-24-338-03.json,2024-12-03T07:00:00.000000Z
csaf_files/OT/white/2024/icsa-24-338-02.json,2025-06-10T00:00:00.000000Z
csaf_files/OT/white/2024/icsa-24-338-01.json,2024-12-10T07:00:00.000000Z
csaf_files/OT/white/2024/icsa-24-331-05.json,2023-12-19T13:30:00.000000Z
csaf_files/OT/white/2024/icsa-24-331-04.json,2025-03-25T13:30:00.000000Z
csaf_files/OT/white/2024/icsa-24-331-03.json,2024-07-09T00:00:00.000000Z
csaf_files/OT/white/2024/icsa-24-331-02.json,2024-09-10T00:00:00.000000Z
csaf_files/OT/white/2024/icsa-24-331-01.json,2024-11-12T00:00:00.000000Z
csaf_files/OT/white/2024/icsa-24-326-07.json,2024-11-21T07:00:00.000000Z
csaf_files/OT/white/2024/icsa-24-326-06.json,2024-11-12T00:00:00.000000Z
csaf_files/OT/white/2024/icsa-24-326-05.json,2024-11-12T00:00:00.000000Z
csaf_files/OT/white/2024/icsa-24-326-04.json,2025-04-08T04:00:00.000000Z
csaf_files/OT/white/2024/icsa-24-326-03.json,2024-11-12T00:00:00.000000Z
csaf_files/OT/white/2024/icsa-24-326-02.json,2024-11-21T07:00:00.000000Z
csaf_files/OT/white/2024/icsa-24-326-01.json,2024-11-21T07:00:00.000000Z
csaf_files/OT/white/2024/icsa-24-324-01.json,2024-11-19T07:00:00.000000Z
csaf_files/OT/white/2024/icsa-24-319-17.json,2025-02-11T07:00:00.000000Z
csaf_files/OT/white/2024/icsa-24-319-16.json,2024-11-14T07:00:00.000000Z
csaf_files/OT/white/2024/icsa-24-319-15.json,2024-11-14T07:00:00.000000Z
csaf_files/OT/white/2024/icsa-24-319-14.json,2024-11-18T07:00:00.000000Z
csaf_files/OT/white/2024/icsa-24-319-13.json,2024-11-18T07:00:00.000000Z
csaf_files/OT/white/2024/icsa-24-319-12.json,2025-05-06T06:00:00.000000Z
csaf_files/OT/white/2024/icsa-24-319-11.json,2025-05-06T06:00:00.000000Z
csaf_files/OT/white/2024/icsa-24-319-10.json,2025-05-06T06:00:00.000000Z
csaf_files/OT/white/2024/icsa-24-319-09.json,2024-11-12T00:00:00.000000Z
csaf_files/OT/white/2024/icsa-24-319-08.json,2024-11-12T00:00:00.000000Z
csaf_files/OT/white/2024/icsa-24-319-07.json,2025-05-06T06:00:00.000000Z
csaf_files/OT/white/2024/icsa-24-319-06.json,2025-05-06T06:00:00.000000Z
csaf_files/OT/white/2024/icsa-24-319-05.json,2024-11-12T00:00:00.000000Z
csaf_files/OT/white/2024/icsa-24-319-04.json,2024-11-12T00:00:00.000000Z
csaf_files/OT/white/2024/icsa-24-319-03.json,2025-05-06T06:00:00.000000Z
csaf_files/OT/white/2024/icsa-24-319-02.json,2025-05-06T06:00:00.000000Z
csaf_files/OT/white/2024/icsa-24-319-01.json,2025-05-06T06:00:00.000000Z
csaf_files/OT/white/2024/icsa-24-317-03.json,2024-11-12T07:00:00.000000Z
csaf_files/OT/white/2024/icsa-24-317-02.json,2024-11-12T07:00:00.000000Z
csaf_files/OT/white/2024/icsa-24-317-01.json,2024-11-12T07:00:00.000000Z
csaf_files/OT/white/2024/icsa-24-312-03.json,2024-11-07T07:00:00.000000Z
csaf_files/OT/white/2024/icsa-24-312-02.json,2024-11-07T07:00:00.000000Z
csaf_files/OT/white/2024/icsa-24-312-01.json,2024-11-07T07:00:00.000000Z
csaf_files/OT/white/2024/icsa-24-305-01.json,2024-10-31T06:00:00.000000Z
csaf_files/OT/white/2024/icsa-24-303-03.json,2024-10-29T06:00:00.000000Z
csaf_files/OT/white/2024/icsa-24-303-02.json,2024-10-29T06:00:00.000000Z
csaf_files/OT/white/2024/icsa-24-303-01.json,2025-05-06T06:00:00.000000Z
csaf_files/OT/white/2024/icsa-24-298-03.json,2024-10-24T06:00:00.000000Z
csaf_files/OT/white/2024/icsa-24-298-02.json,2024-10-24T06:00:00.000000Z
csaf_files/OT/white/2024/icsa-24-298-01.json,2024-10-24T06:00:00.000000Z
csaf_files/OT/white/2024/icsa-24-296-01.json,2024-10-22T06:00:00.000000Z
csaf_files/OT/white/2024/icsa-24-291-05.json,2024-10-17T06:00:00.000000Z
csaf_files/OT/white/2024/icsa-24-291-04.json,2024-10-17T06:00:00.000000Z
csaf_files/OT/white/2024/icsa-24-291-03.json,2025-03-18T06:00:00.000000Z
csaf_files/OT/white/2024/icsa-24-291-02.json,2024-10-17T06:00:00.000000Z
csaf_files/OT/white/2024/icsa-24-291-01.json,2024-11-14T07:00:00.000000Z
csaf_files/OT/white/2024/icsa-24-289-02.json,2024-10-08T00:00:00.000000Z
csaf_files/OT/white/2024/icsa-24-289-01.json,2025-05-06T06:00:00.000000Z
csaf_files/OT/white/2024/icsa-24-284-21.json,2024-10-10T06:00:00.000000Z
csaf_files/OT/white/2024/icsa-24-284-20.json,2024-10-10T06:00:00.000000Z
csaf_files/OT/white/2024/icsa-24-284-19.json,2024-10-10T06:00:00.000000Z
csaf_files/OT/white/2024/icsa-24-284-18.json,2024-10-10T06:00:00.000000Z
csaf_files/OT/white/2024/icsa-24-284-17.json,2024-10-10T06:00:00.000000Z
csaf_files/OT/white/2024/icsa-24-284-16.json,2024-10-10T06:00:00.000000Z
csaf_files/OT/white/2024/icsa-24-284-15.json,2024-10-10T06:00:00.000000Z
csaf_files/OT/white/2024/icsa-24-284-14.json,2024-10-10T06:00:00.000000Z
csaf_files/OT/white/2024/icsa-24-284-13.json,2025-05-06T06:00:00.000000Z
csaf_files/OT/white/2024/icsa-24-284-12.json,2025-06-10T00:00:00.000000Z
csaf_files/OT/white/2024/icsa-24-284-11.json,2024-10-08T00:00:00.000000Z
csaf_files/OT/white/2024/icsa-24-284-10.json,2025-06-10T00:00:00.000000Z
csaf_files/OT/white/2024/icsa-24-284-09.json,2024-10-08T00:00:00.000000Z
csaf_files/OT/white/2024/icsa-24-284-08.json,2025-05-06T06:00:00.000000Z
csaf_files/OT/white/2024/icsa-24-284-07.json,2025-05-06T06:00:00.000000Z
csaf_files/OT/white/2024/icsa-24-284-06.json,2025-05-06T06:00:00.000000Z
csaf_files/OT/white/2024/icsa-24-284-05.json,2025-05-06T06:00:00.000000Z
csaf_files/OT/white/2024/icsa-24-284-04.json,2024-10-08T00:00:00.000000Z
csaf_files/OT/white/2024/icsa-24-284-03.json,2025-05-06T06:00:00.000000Z
csaf_files/OT/white/2024/icsa-24-284-02.json,2025-05-06T06:00:00.000000Z
csaf_files/OT/white/2024/icsa-24-284-01.json,2025-07-08T00:00:00.000000Z
csaf_files/OT/white/2024/icsa-24-277-03.json,2024-10-03T06:00:00.000000Z
csaf_files/OT/white/2024/icsa-24-277-02.json,2024-10-01T06:00:00.000000Z
csaf_files/OT/white/2024/icsa-24-277-01.json,2024-10-03T06:00:00.000000Z
csaf_files/OT/white/2024/icsa-24-275-02.json,2024-10-01T06:00:00.000000Z
csaf_files/OT/white/2024/icsa-24-275-01.json,2024-10-01T06:00:00.000000Z
csaf_files/OT/white/2024/icsa-24-270-05.json,2024-10-17T06:00:00.000000Z
csaf_files/OT/white/2024/icsa-24-270-04.json,2024-10-17T06:00:00.000000Z
csaf_files/OT/white/2024/icsa-24-270-03.json,2024-09-26T06:00:00.000000Z
csaf_files/OT/white/2024/icsa-24-270-02.json,2024-09-26T06:00:00.000000Z
csaf_files/OT/white/2024/icsa-24-270-01.json,2024-09-26T06:00:00.000000Z
csaf_files/OT/white/2024/icsa-24-268-06.json,2024-10-24T06:00:00.000000Z
csaf_files/OT/white/2024/icsa-24-268-05.json,2024-09-24T06:00:00.000000Z
csaf_files/OT/white/2024/icsa-24-268-04.json,2024-09-24T06:00:00.000000Z
csaf_files/OT/white/2024/icsa-24-268-03.json,2024-09-24T06:00:00.000000Z
csaf_files/OT/white/2024/icsa-24-268-02.json,2024-09-24T06:00:00.000000Z
csaf_files/OT/white/2024/icsa-24-268-01.json,2024-09-24T06:00:00.000000Z
csaf_files/OT/white/2024/icsa-24-263-05.json,2024-09-19T06:00:00.000000Z
csaf_files/OT/white/2024/icsa-24-263-04.json,2024-09-19T06:00:00.000000Z
csaf_files/OT/white/2024/icsa-24-263-03.json,2024-09-19T06:00:00.000000Z
csaf_files/OT/white/2024/icsa-24-263-02.json,2025-07-10T06:00:00.000000Z
csaf_files/OT/white/2024/icsa-24-263-01.json,2024-09-19T06:00:00.000000Z
csaf_files/OT/white/2024/icsa-24-261-03.json,2024-09-17T06:00:00.000000Z
csaf_files/OT/white/2024/icsa-24-261-02.json,2024-09-17T06:00:00.000000Z
csaf_files/OT/white/2024/icsa-24-261-01.json,2024-09-10T00:00:00.000000Z
csaf_files/OT/white/2024/icsa-24-256-25.json,2024-09-12T06:00:00.000000Z
csaf_files/OT/white/2024/icsa-24-256-24.json,2024-09-12T06:00:00.000000Z
csaf_files/OT/white/2024/icsa-24-256-23.json,2024-09-12T06:00:00.000000Z
csaf_files/OT/white/2024/icsa-24-256-22.json,2024-09-12T06:00:00.000000Z
csaf_files/OT/white/2024/icsa-24-256-21.json,2024-09-12T06:00:00.000000Z
csaf_files/OT/white/2024/icsa-24-256-20.json,2024-09-12T06:00:00.000000Z
csaf_files/OT/white/2024/icsa-24-256-19.json,2024-09-12T06:00:00.000000Z
csaf_files/OT/white/2024/icsa-24-256-18.json,2024-09-12T06:00:00.000000Z
csaf_files/OT/white/2024/icsa-24-256-17.json,2024-09-12T06:00:00.000000Z
csaf_files/OT/white/2024/icsa-24-256-16.json,2025-05-13T00:00:00.000000Z
csaf_files/OT/white/2024/icsa-24-256-15.json,2025-07-08T00:00:00.000000Z
csaf_files/OT/white/2024/icsa-24-256-14.json,2025-01-14T00:00:00.000000Z
csaf_files/OT/white/2024/icsa-24-256-13.json,2025-05-06T06:00:00.000000Z
csaf_files/OT/white/2024/icsa-24-256-12.json,2025-05-06T06:00:00.000000Z
csaf_files/OT/white/2024/icsa-24-256-11.json,2024-09-10T00:00:00.000000Z
csaf_files/OT/white/2024/icsa-24-256-10.json,2024-09-10T00:00:00.000000Z
csaf_files/OT/white/2024/icsa-24-256-09.json,2025-05-06T06:00:00.000000Z
csaf_files/OT/white/2024/icsa-24-256-08.json,2025-05-06T06:00:00.000000Z
csaf_files/OT/white/2024/icsa-24-256-07.json,2025-05-06T06:00:00.000000Z
csaf_files/OT/white/2024/icsa-24-256-06.json,2025-05-13T00:00:00.000000Z
csaf_files/OT/white/2024/icsa-24-256-05.json,2025-05-06T06:00:00.000000Z
csaf_files/OT/white/2024/icsa-24-256-04.json,2024-09-10T00:00:00.000000Z
csaf_files/OT/white/2024/icsa-24-256-03.json,2025-05-13T00:00:00.000000Z
csaf_files/OT/white/2024/icsa-24-256-02.json,2025-05-06T06:00:00.000000Z
csaf_files/OT/white/2024/icsa-24-256-01.json,2024-09-10T00:00:00.000000Z
csaf_files/OT/white/2024/icsa-24-254-03.json,2024-09-10T06:00:00.000000Z
csaf_files/OT/white/2024/icsa-24-254-02.json,2024-09-10T06:00:00.000000Z
csaf_files/OT/white/2024/icsa-24-254-01.json,2024-09-10T06:00:00.000000Z
csaf_files/OT/white/2024/icsa-24-249-01.json,2024-09-05T06:00:00.000000Z
csaf_files/OT/white/2024/icsa-24-247-01.json,2024-09-03T06:00:00.000000Z
csaf_files/OT/white/2024/icsa-24-242-02.json,2024-08-29T06:00:00.000000Z
csaf_files/OT/white/2024/icsa-24-242-01.json,2024-08-29T06:00:00.000000Z
csaf_files/OT/white/2024/icsa-24-235-04.json,2024-08-22T06:00:00.000000Z
csaf_files/OT/white/2024/icsa-24-235-03.json,2024-08-22T10:00:00.000000Z
csaf_files/OT/white/2024/icsa-24-235-02.json,2024-08-22T06:00:00.000000Z
csaf_files/OT/white/2024/icsa-24-235-01.json,2024-08-22T06:00:00.000000Z
csaf_files/OT/white/2024/icsa-24-228-11.json,2024-08-15T06:00:00.000000Z
csaf_files/OT/white/2024/icsa-24-228-10.json,2024-08-15T06:00:00.000000Z
csaf_files/OT/white/2024/icsa-24-228-09.json,2024-08-13T00:00:00.000000Z
csaf_files/OT/white/2024/icsa-24-228-08.json,2024-08-13T00:00:00.000000Z
csaf_files/OT/white/2024/icsa-24-228-07.json,2024-08-13T00:00:00.000000Z
csaf_files/OT/white/2024/icsa-24-228-06.json,2024-08-13T00:00:00.000000Z
csaf_files/OT/white/2024/icsa-24-228-05.json,2024-10-08T00:00:00.000000Z
csaf_files/OT/white/2024/icsa-24-228-04.json,2024-08-13T00:00:00.000000Z
csaf_files/OT/white/2024/icsa-24-228-03.json,2024-08-13T00:00:00.000000Z
csaf_files/OT/white/2024/icsa-24-228-02.json,2024-08-13T00:00:00.000000Z
csaf_files/OT/white/2024/icsa-24-228-01.json,2024-08-13T00:00:00.000000Z
csaf_files/OT/white/2024/icsa-24-226-10.json,2024-08-13T06:00:00.000000Z
csaf_files/OT/white/2024/icsa-24-226-09.json,2024-08-13T06:00:00.000000Z
csaf_files/OT/white/2024/icsa-24-226-08.json,2024-08-13T06:00:00.000000Z
csaf_files/OT/white/2024/icsa-24-226-07.json,2024-08-13T06:00:00.000000Z
csaf_files/OT/white/2024/icsa-24-226-06.json,2024-08-29T06:00:00.000000Z
csaf_files/OT/white/2024/icsa-24-226-05.json,2024-08-13T06:00:00.000000Z
csaf_files/OT/white/2024/icsa-24-226-04.json,2024-08-13T06:00:00.000000Z
csaf_files/OT/white/2024/icsa-24-226-03.json,2024-08-13T06:00:00.000000Z
csaf_files/OT/white/2024/icsa-24-226-02.json,2024-08-13T06:00:00.000000Z
csaf_files/OT/white/2024/icsa-24-226-01.json,2024-08-13T06:00:00.000000Z
csaf_files/OT/white/2024/icsa-24-221-01.json,2024-08-08T06:00:00.000000Z
csaf_files/OT/white/2024/icsa-24-219-01.json,2024-08-06T06:00:00.000000Z
csaf_files/OT/white/2024/icsa-24-214-09.json,2024-08-01T06:00:00.000000Z
csaf_files/OT/white/2024/icsa-24-214-08.json,2024-08-01T06:00:00.000000Z
csaf_files/OT/white/2024/icsa-24-214-07.json,2024-08-01T06:00:00.000000Z
csaf_files/OT/white/2024/icsa-24-214-06.json,2024-08-01T06:00:00.000000Z
csaf_files/OT/white/2024/icsa-24-214-05.json,2024-08-01T06:00:00.000000Z
csaf_files/OT/white/2024/icsa-24-214-04.json,2024-08-01T06:00:00.000000Z
csaf_files/OT/white/2024/icsa-24-214-03.json,2024-08-01T06:00:00.000000Z
csaf_files/OT/white/2024/icsa-24-214-02.json,2024-08-01T06:00:00.000000Z
csaf_files/OT/white/2024/icsa-24-214-01.json,2024-08-01T06:00:00.000000Z
csaf_files/OT/white/2024/icsa-24-207-02.json,2024-07-25T06:00:00.000000Z
csaf_files/OT/white/2024/icsa-24-207-01.json,2024-07-22T00:00:00.000000Z
csaf_files/OT/white/2024/icsa-24-205-03.json,2024-07-23T06:00:00.000000Z
csaf_files/OT/white/2024/icsa-24-205-02.json,2024-07-23T06:00:00.000000Z
csaf_files/OT/white/2024/icsa-24-205-01.json,2024-07-23T06:00:00.000000Z
csaf_files/OT/white/2024/icsa-24-200-02.json,2024-07-18T06:00:00.000000Z
csaf_files/OT/white/2024/icsa-24-200-01.json,2025-05-15T06:00:00.000000Z
csaf_files/OT/white/2024/icsa-24-198-01.json,2024-07-16T06:00:00.000000Z
csaf_files/OT/white/2024/icsa-24-193-20.json,2024-07-11T06:00:00.000000Z
csaf_files/OT/white/2024/icsa-24-193-19.json,2024-07-11T06:00:00.000000Z
csaf_files/OT/white/2024/icsa-24-193-18.json,2024-07-11T06:00:00.000000Z
csaf_files/OT/white/2024/icsa-24-193-17.json,2024-07-09T00:00:00.000000Z
csaf_files/OT/white/2024/icsa-24-193-16.json,2024-11-12T00:00:00.000000Z
csaf_files/OT/white/2024/icsa-24-193-15.json,2024-07-09T00:00:00.000000Z
csaf_files/OT/white/2024/icsa-24-193-14.json,2024-08-13T00:00:00.000000Z
csaf_files/OT/white/2024/icsa-24-193-13.json,2024-07-09T00:00:00.000000Z
csaf_files/OT/white/2024/icsa-24-193-12.json,2024-07-09T00:00:00.000000Z
csaf_files/OT/white/2024/icsa-24-193-11.json,2025-07-08T00:00:00.000000Z
csaf_files/OT/white/2024/icsa-24-193-10.json,2024-07-09T00:00:00.000000Z
csaf_files/OT/white/2024/icsa-24-193-09.json,2024-07-09T00:00:00.000000Z
csaf_files/OT/white/2024/icsa-24-193-08.json,2024-07-09T00:00:00.000000Z
csaf_files/OT/white/2024/icsa-24-193-07.json,2025-05-06T06:00:00.000000Z
csaf_files/OT/white/2024/icsa-24-193-06.json,2024-07-09T00:00:00.000000Z
csaf_files/OT/white/2024/icsa-24-193-05.json,2025-07-08T00:00:00.000000Z
csaf_files/OT/white/2024/icsa-24-193-04.json,2024-07-09T00:00:00.000000Z
csaf_files/OT/white/2024/icsa-24-193-03.json,2024-08-13T00:00:00.000000Z
csaf_files/OT/white/2024/icsa-24-193-02.json,2025-07-08T00:00:00.000000Z
csaf_files/OT/white/2024/icsa-24-193-01.json,2024-07-09T00:00:00.000000Z
csaf_files/OT/white/2024/icsa-24-191-05.json,2025-07-17T06:00:00.000000Z
csaf_files/OT/white/2024/icsa-24-191-04.json,2024-07-09T06:00:00.000000Z
csaf_files/OT/white/2024/icsa-24-191-03.json,2024-07-09T06:00:00.000000Z
csaf_files/OT/white/2024/icsa-24-191-02.json,2024-07-09T06:00:00.000000Z
csaf_files/OT/white/2024/icsa-24-191-01.json,2025-02-18T07:00:00.000000Z
csaf_files/OT/white/2024/icsa-24-184-03.json,2024-12-03T07:00:00.000000Z
csaf_files/OT/white/2024/icsa-24-184-02.json,2024-07-02T06:00:00.000000Z
csaf_files/OT/white/2024/icsa-24-184-01.json,2024-07-02T06:00:00.000000Z
csaf_files/OT/white/2024/icsa-24-179-07.json,2024-07-02T06:00:00.000000Z
csaf_files/OT/white/2024/icsa-24-179-06.json,2024-07-02T06:00:00.000000Z
csaf_files/OT/white/2024/icsa-24-179-05.json,2024-07-02T06:00:00.000000Z
csaf_files/OT/white/2024/icsa-24-179-04.json,2024-07-02T06:00:00.000000Z
csaf_files/OT/white/2024/icsa-24-179-03.json,2024-06-27T06:00:00.000000Z
csaf_files/OT/white/2024/icsa-24-179-02.json,2024-06-27T06:00:00.000000Z
csaf_files/OT/white/2024/icsa-24-179-01.json,2024-06-27T06:00:00.000000Z
csaf_files/OT/white/2024/icsa-24-177-02.json,2024-07-02T06:00:00.000000Z
csaf_files/OT/white/2024/icsa-24-177-01.json,2024-06-25T06:00:00.000000Z
csaf_files/OT/white/2024/icsa-24-172-03.json,2024-06-20T06:00:00.000000Z
csaf_files/OT/white/2024/icsa-24-172-02.json,2024-06-20T06:00:00.000000Z
csaf_files/OT/white/2024/icsa-24-172-01.json,2024-06-20T06:00:00.000000Z
csaf_files/OT/white/2024/icsa-24-170-01.json,2024-06-18T06:00:00.000000Z
csaf_files/OT/white/2024/icsa-24-165-19.json,2024-06-13T06:00:00.000000Z
csaf_files/OT/white/2024/icsa-24-165-18.json,2024-06-13T06:00:00.000000Z
csaf_files/OT/white/2024/icsa-24-165-17.json,2024-06-13T06:00:00.000000Z
csaf_files/OT/white/2024/icsa-24-165-16.json,2024-06-13T06:00:00.000000Z
csaf_files/OT/white/2024/icsa-24-165-14.json,2024-06-13T06:00:00.000000Z
csaf_files/OT/white/2024/icsa-24-165-13.json,2025-05-06T06:00:00.000000Z
csaf_files/OT/white/2024/icsa-24-165-12.json,2025-01-14T00:00:00.000000Z
csaf_files/OT/white/2024/icsa-24-165-11.json,2024-06-11T00:00:00.000000Z
csaf_files/OT/white/2024/icsa-24-165-10.json,2024-06-11T00:00:00.000000Z
csaf_files/OT/white/2024/icsa-24-165-09.json,2024-06-11T00:00:00.000000Z
csaf_files/OT/white/2024/icsa-24-165-08.json,2024-08-13T00:00:00.000000Z
csaf_files/OT/white/2024/icsa-24-165-07.json,2024-06-11T00:00:00.000000Z
csaf_files/OT/white/2024/icsa-24-165-06.json,2024-07-09T00:00:00.000000Z
csaf_files/OT/white/2024/icsa-24-165-05.json,2024-06-11T00:00:00.000000Z
csaf_files/OT/white/2024/icsa-24-165-04.json,2024-06-11T00:00:00.000000Z
csaf_files/OT/white/2024/icsa-24-165-03.json,2024-06-11T00:00:00.000000Z
csaf_files/OT/white/2024/icsa-24-165-02.json,2024-06-11T00:00:00.000000Z
csaf_files/OT/white/2024/icsa-24-165-01.json,2024-06-11T00:00:00.000000Z
csaf_files/OT/white/2024/icsa-24-163-04.json,2024-06-11T06:00:00.000000Z
csaf_files/OT/white/2024/icsa-24-163-03.json,2024-06-11T06:00:00.000000Z
csaf_files/OT/white/2024/icsa-24-163-02.json,2024-06-11T06:00:00.000000Z
csaf_files/OT/white/2024/icsa-24-163-01.json,2024-06-11T06:00:00.000000Z
csaf_files/OT/white/2024/icsa-24-158-04.json,2025-07-29T06:00:00.000000Z
csaf_files/OT/white/2024/icsa-24-158-03.json,2024-06-06T06:00:00.000000Z
csaf_files/OT/white/2024/icsa-24-158-02.json,2024-06-06T06:00:00.000000Z
csaf_files/OT/white/2024/icsa-24-158-01.json,2024-06-06T06:00:00.000000Z
csaf_files/OT/white/2024/icsa-24-156-01.json,2024-09-24T06:00:00.000000Z
csaf_files/OT/white/2024/icsa-24-151-04.json,2024-05-30T06:00:00.000000Z
csaf_files/OT/white/2024/icsa-24-151-03.json,2024-05-30T06:00:00.000000Z
csaf_files/OT/white/2024/icsa-24-151-02.json,2025-07-18T06:00:00.000000Z
csaf_files/OT/white/2024/icsa-24-151-01.json,2024-05-30T06:00:00.000000Z
csaf_files/OT/white/2024/icsa-24-149-01.json,2024-05-28T06:00:00.000000Z
csaf_files/OT/white/2024/icsa-24-144-01.json,2024-05-23T06:00:00.000000Z
csaf_files/OT/white/2024/icsa-24-142-01.json,2024-05-21T06:00:00.000000Z
csaf_files/OT/white/2024/icsa-24-137-14.json,2024-05-16T06:00:00.000000Z
csaf_files/OT/white/2024/icsa-24-137-13.json,2024-12-10T00:00:00.000000Z
csaf_files/OT/white/2024/icsa-24-137-12.json,2024-05-14T00:00:00.000000Z
csaf_files/OT/white/2024/icsa-24-137-11.json,2024-05-14T00:00:00.000000Z
csaf_files/OT/white/2024/icsa-24-137-10.json,2024-05-14T00:00:00.000000Z
csaf_files/OT/white/2024/icsa-24-137-09.json,2024-05-14T00:00:00.000000Z
csaf_files/OT/white/2024/icsa-24-137-08.json,2024-05-14T00:00:00.000000Z
csaf_files/OT/white/2024/icsa-24-137-07.json,2024-06-11T00:00:00.000000Z
csaf_files/OT/white/2024/icsa-24-137-06.json,2024-05-14T00:00:00.000000Z
csaf_files/OT/white/2024/icsa-24-137-05.json,2024-05-14T00:00:00.000000Z
csaf_files/OT/white/2024/icsa-24-137-04.json,2024-05-14T00:00:00.000000Z
csaf_files/OT/white/2024/icsa-24-137-03.json,2024-05-14T00:00:00.000000Z
csaf_files/OT/white/2024/icsa-24-137-02.json,2024-06-11T00:00:00.000000Z
csaf_files/OT/white/2024/icsa-24-137-01.json,2024-05-14T00:00:00.000000Z
csaf_files/OT/white/2024/icsa-24-135-04.json,2025-05-15T06:00:00.000000Z
csaf_files/OT/white/2024/icsa-24-135-03.json,2024-05-14T06:00:00.000000Z
csaf_files/OT/white/2024/icsa-24-135-02.json,2024-05-14T06:00:00.000000Z
csaf_files/OT/white/2024/icsa-24-135-01.json,2024-05-14T06:00:00.000000Z
csaf_files/OT/white/2024/icsa-24-130-03.json,2024-05-09T06:00:00.000000Z
csaf_files/OT/white/2024/icsa-24-130-02.json,2024-05-09T06:00:00.000000Z
csaf_files/OT/white/2024/icsa-24-130-01.json,2024-05-09T06:00:00.000000Z
csaf_files/OT/white/2024/icsa-24-128-02.json,2024-05-07T06:00:00.000000Z
csaf_files/OT/white/2024/icsa-24-128-01.json,2024-05-07T06:00:00.000000Z
csaf_files/OT/white/2024/icsa-24-123-02.json,2024-05-02T06:00:00.000000Z
csaf_files/OT/white/2024/icsa-24-123-01.json,2024-05-02T06:00:00.000000Z
csaf_files/OT/white/2024/icsa-24-121-01.json,2024-04-30T06:00:00.000000Z
csaf_files/OT/white/2024/icsa-24-116-04.json,2024-04-25T06:00:00.000000Z
csaf_files/OT/white/2024/icsa-24-116-03.json,2024-07-09T00:00:00.000000Z
csaf_files/OT/white/2024/icsa-24-116-02.json,2024-04-25T06:00:00.000000Z
csaf_files/OT/white/2024/icsa-24-116-01.json,2024-04-25T06:00:00.000000Z
csaf_files/OT/white/2024/icsa-24-109-01.json,2024-04-30T06:00:00.000000Z
csaf_files/OT/white/2024/icsa-24-107-04.json,2024-04-16T06:00:00.000000Z
csaf_files/OT/white/2024/icsa-24-107-03.json,2024-05-09T06:00:00.000000Z
csaf_files/OT/white/2024/icsa-24-107-02.json,2024-04-16T06:00:00.000000Z
csaf_files/OT/white/2024/icsa-24-107-01.json,2024-04-16T06:00:00.000000Z
csaf_files/OT/white/2024/icsa-24-102-09.json,2024-04-25T06:00:00.000000Z
csaf_files/OT/white/2024/icsa-24-102-08.json,2024-04-09T00:00:00.000000Z
csaf_files/OT/white/2024/icsa-24-102-07.json,2024-04-09T00:00:00.000000Z
csaf_files/OT/white/2024/icsa-24-102-06.json,2024-04-09T00:00:00.000000Z
csaf_files/OT/white/2024/icsa-24-102-05.json,2024-04-09T00:00:00.000000Z
csaf_files/OT/white/2024/icsa-24-102-04.json,2025-05-13T00:00:00.000000Z
csaf_files/OT/white/2024/icsa-24-102-03.json,2024-12-10T00:00:00.000000Z
csaf_files/OT/white/2024/icsa-24-102-02.json,2025-01-14T00:00:00.000000Z
csaf_files/OT/white/2024/icsa-24-102-01.json,2025-07-08T00:00:00.000000Z
csaf_files/OT/white/2024/icsa-24-100-01.json,2024-04-09T06:00:00.000000Z
csaf_files/OT/white/2024/icsa-24-095-02.json,2024-04-04T06:00:00.000000Z
csaf_files/OT/white/2024/icsa-24-095-01.json,2024-04-04T06:00:00.000000Z
csaf_files/OT/white/2024/icsa-24-093-01.json,2024-04-02T06:00:00.000000Z
csaf_files/OT/white/2024/icsa-24-086-04.json,2024-03-26T06:00:00.000000Z
csaf_files/OT/white/2024/icsa-24-086-03.json,2024-03-26T06:00:00.000000Z
csaf_files/OT/white/2024/icsa-24-086-02.json,2024-03-26T06:00:00.000000Z
csaf_files/OT/white/2024/icsa-24-086-01.json,2024-03-26T06:00:00.000000Z
csaf_files/OT/white/2024/icsa-24-081-01.json,2024-03-21T06:00:00.000000Z
csaf_files/OT/white/2024/icsa-24-079-01.json,2024-03-19T06:00:00.000000Z
csaf_files/OT/white/2024/icsa-24-074-14.json,2024-06-13T06:00:00.000000Z
csaf_files/OT/white/2024/icsa-24-074-13.json,2024-03-14T06:00:00.000000Z
csaf_files/OT/white/2024/icsa-24-074-12.json,2024-03-14T06:00:00.000000Z
csaf_files/OT/white/2024/icsa-24-074-11.json,2025-07-08T00:00:00.000000Z
csaf_files/OT/white/2024/icsa-24-074-10.json,2024-03-12T00:00:00.000000Z
csaf_files/OT/white/2024/icsa-24-074-09.json,2024-05-14T00:00:00.000000Z
csaf_files/OT/white/2024/icsa-24-074-08.json,2024-06-11T00:00:00.000000Z
csaf_files/OT/white/2024/icsa-24-074-07.json,2024-03-14T06:00:00.000000Z
csaf_files/OT/white/2024/icsa-24-074-06.json,2024-03-12T00:00:00.000000Z
csaf_files/OT/white/2024/icsa-24-074-05.json,2025-05-13T00:00:00.000000Z
csaf_files/OT/white/2024/icsa-24-074-04.json,2024-03-12T00:00:00.000000Z
csaf_files/OT/white/2024/icsa-24-074-03.json,2024-03-12T00:00:00.000000Z
csaf_files/OT/white/2024/icsa-24-074-02.json,2024-05-14T00:00:00.000000Z
csaf_files/OT/white/2024/icsa-24-074-01.json,2024-09-10T00:00:00.000000Z
csaf_files/OT/white/2024/icsa-24-072-01.json,2024-03-12T06:00:00.000000Z
csaf_files/OT/white/2024/icsa-24-067-01.json,2024-05-02T06:00:00.000000Z
csaf_files/OT/white/2024/icsa-24-065-01.json,2024-03-05T07:00:00.000000Z
csaf_files/OT/white/2024/icsa-24-060-01.json,2024-02-29T07:00:00.000000Z
csaf_files/OT/white/2024/icsa-24-058-01.json,2025-01-16T07:00:00.000000Z
csaf_files/OT/white/2024/icsa-24-053-01.json,2024-02-22T07:00:00.000000Z
csaf_files/OT/white/2024/icsa-24-051-03.json,2024-04-23T06:00:00.000000Z
csaf_files/OT/white/2024/icsa-24-051-02.json,2024-02-20T07:00:00.000000Z
csaf_files/OT/white/2024/icsa-24-051-01.json,2024-02-20T07:00:00.000000Z
csaf_files/OT/white/2024/icsa-24-046-16.json,2024-02-15T07:00:00.000000Z
csaf_files/OT/white/2024/icsa-24-046-15.json,2024-03-12T00:00:00.000000Z
csaf_files/OT/white/2024/icsa-24-046-14.json,2024-05-14T00:00:00.000000Z
csaf_files/OT/white/2024/icsa-24-046-13.json,2024-02-13T00:00:00.000000Z
csaf_files/OT/white/2024/icsa-24-046-12.json,2024-09-10T00:00:00.000000Z
csaf_files/OT/white/2024/icsa-24-046-11.json,2024-02-13T00:00:00.000000Z
csaf_files/OT/white/2024/icsa-24-046-10.json,2024-03-12T00:00:00.000000Z
csaf_files/OT/white/2024/icsa-24-046-09.json,2024-02-13T00:00:00.000000Z
csaf_files/OT/white/2024/icsa-24-046-08.json,2024-05-14T00:00:00.000000Z
csaf_files/OT/white/2024/icsa-24-046-07.json,2024-02-13T00:00:00.000000Z
csaf_files/OT/white/2024/icsa-24-046-06.json,2024-02-13T00:00:00.000000Z
csaf_files/OT/white/2024/icsa-24-046-05.json,2024-02-13T00:00:00.000000Z
csaf_files/OT/white/2024/icsa-24-046-04.json,2024-02-13T00:00:00.000000Z
csaf_files/OT/white/2024/icsa-24-046-03.json,2024-02-13T00:00:00.000000Z
csaf_files/OT/white/2024/icsa-24-046-02.json,2024-02-13T00:00:00.000000Z
csaf_files/OT/white/2024/icsa-24-046-01.json,2024-04-09T00:00:00.000000Z
csaf_files/OT/white/2024/icsa-24-044-01.json,2024-05-16T06:00:00.000000Z
csaf_files/OT/white/2024/icsa-24-039-01.json,2024-02-08T07:00:00.000000Z
csaf_files/OT/white/2024/icsa-24-037-02.json,2024-02-06T07:00:00.000000Z
csaf_files/OT/white/2024/icsa-24-037-01.json,2024-02-06T07:00:00.000000Z
csaf_files/OT/white/2024/icsa-24-032-03.json,2024-02-01T07:00:00.000000Z
csaf_files/OT/white/2024/icsa-24-032-01.json,2024-02-01T07:00:00.000000Z
csaf_files/OT/white/2024/icsa-24-030-07.json,2024-01-30T07:00:00.000000Z
csaf_files/OT/white/2024/icsa-24-030-06.json,2024-01-30T07:00:00.000000Z
csaf_files/OT/white/2024/icsa-24-030-05.json,2024-01-30T07:00:00.000000Z
csaf_files/OT/white/2024/icsa-24-030-04.json,2024-01-30T07:00:00.000000Z
csaf_files/OT/white/2024/icsa-24-030-03.json,2024-01-30T07:00:00.000000Z
csaf_files/OT/white/2024/icsa-24-030-02.json,2025-02-13T07:00:00.000000Z
csaf_files/OT/white/2024/icsa-24-030-01.json,2025-06-10T06:00:00.000000Z
csaf_files/OT/white/2024/icsa-24-025-02.json,2024-01-25T07:00:00.000000Z
csaf_files/OT/white/2024/icsa-24-025-01.json,2024-01-25T07:00:00.000000Z
csaf_files/OT/white/2024/icsa-24-023-05.json,2024-01-23T07:00:00.000000Z
csaf_files/OT/white/2024/icsa-24-023-04.json,2024-01-23T07:00:00.000000Z
csaf_files/OT/white/2024/icsa-24-023-03.json,2024-01-23T07:00:00.000000Z
csaf_files/OT/white/2024/icsa-24-023-02.json,2024-01-23T07:00:00.000000Z
csaf_files/OT/white/2024/icsa-24-023-01.json,2024-01-23T07:00:00.000000Z
csaf_files/OT/white/2024/icsa-24-018-01.json,2024-01-18T07:00:00.000000Z
csaf_files/OT/white/2024/icsa-24-016-02.json,2024-03-05T07:00:00.000000Z
csaf_files/OT/white/2024/icsa-24-016-01.json,2024-04-30T06:00:00.000000Z
csaf_files/OT/white/2024/icsa-24-011-11.json,2024-01-09T00:00:00.000000Z
csaf_files/OT/white/2024/icsa-24-011-10.json,2024-01-09T00:00:00.000000Z
csaf_files/OT/white/2024/icsa-24-011-09.json,2024-01-09T00:00:00.000000Z
csaf_files/OT/white/2024/icsa-24-011-08.json,2024-01-09T00:00:00.000000Z
csaf_files/OT/white/2024/icsa-24-011-07.json,2024-01-09T00:00:00.000000Z
csaf_files/OT/white/2024/icsa-24-011-06.json,2024-01-09T00:00:00.000000Z
csaf_files/OT/white/2024/icsa-24-011-05.json,2024-01-11T07:00:00.000000Z
csaf_files/OT/white/2024/icsa-24-011-04.json,2024-01-11T07:00:00.000000Z
csaf_files/OT/white/2024/icsa-24-011-03.json,2024-01-11T07:00:00.000000Z
csaf_files/OT/white/2024/icsa-24-004-02.json,2024-01-04T07:00:00.000000Z
csaf_files/OT/white/2024/icsa-24-004-01.json,2024-01-04T07:00:00.000000Z
csaf_files/OT/white/2023/icsma-23-331-01.json,2023-11-28T07:00:00.000000Z
csaf_files/OT/white/2023/icsma-23-285-02.json,2023-10-12T06:00:00.000000Z
csaf_files/OT/white/2023/icsma-23-285-01.json,2023-10-12T06:00:00.000000Z
csaf_files/OT/white/2023/icsma-23-248-01.json,2023-09-05T06:00:00.000000Z
csaf_files/OT/white/2023/icsma-23-194-01.json,2023-10-26T06:00:00.000000Z
csaf_files/OT/white/2023/icsma-23-180-01.json,2023-06-29T06:00:00.000000Z
csaf_files/OT/white/2023/icsma-23-117-01.json,2023-04-28T18:53:19.854977Z
csaf_files/OT/white/2023/icsma-23-103-01.json,2023-04-18T19:27:35.022998Z
csaf_files/OT/white/2023/icsma-23-061-01.json,2023-03-06T16:35:54.956247Z
csaf_files/OT/white/2023/icsma-23-047-01.json,2023-02-27T13:27:41.553636Z
csaf_files/OT/white/2023/icsa-23-355-02.json,2023-12-21T07:00:00.000000Z
csaf_files/OT/white/2023/icsa-23-355-01.json,2023-12-21T07:00:00.000000Z
csaf_files/OT/white/2023/icsa-23-353-05.json,2023-12-19T07:00:00.000000Z
csaf_files/OT/white/2023/icsa-23-353-04.json,2023-12-19T07:00:00.000000Z
csaf_files/OT/white/2023/icsa-23-353-03.json,2023-12-19T07:00:00.000000Z
csaf_files/OT/white/2023/icsa-23-353-02.json,2023-12-19T07:00:00.000000Z
csaf_files/OT/white/2023/icsa-23-353-01.json,2023-12-19T07:00:00.000000Z
csaf_files/OT/white/2023/icsa-23-348-16.json,2023-12-12T00:00:00.000000Z
csaf_files/OT/white/2023/icsa-23-348-15.json,2024-01-04T07:00:00.000000Z
csaf_files/OT/white/2023/icsa-23-348-14.json,2024-08-13T00:00:00.000000Z
csaf_files/OT/white/2023/icsa-23-348-13.json,2024-01-09T00:00:00.000000Z
csaf_files/OT/white/2023/icsa-23-348-12.json,2024-08-13T00:00:00.000000Z
csaf_files/OT/white/2023/icsa-23-348-11.json,2025-05-06T06:00:00.000000Z
csaf_files/OT/white/2023/icsa-23-348-10.json,2025-06-10T00:00:00.000000Z
csaf_files/OT/white/2023/icsa-23-348-09.json,2024-05-14T00:00:00.000000Z
csaf_files/OT/white/2023/icsa-23-348-08.json,2024-03-12T00:00:00.000000Z
csaf_files/OT/white/2023/icsa-23-348-07.json,2023-12-12T00:00:00.000000Z
csaf_files/OT/white/2023/icsa-23-348-06.json,2023-12-12T00:00:00.000000Z
csaf_files/OT/white/2023/icsa-23-348-05.json,2023-12-12T00:00:00.000000Z
csaf_files/OT/white/2023/icsa-23-348-04.json,2025-05-06T06:00:00.000000Z
csaf_files/OT/white/2023/icsa-23-348-03.json,2025-01-14T00:00:00.000000Z
csaf_files/OT/white/2023/icsa-23-348-02.json,2023-12-14T07:00:00.000000Z
csaf_files/OT/white/2023/icsa-23-348-01.json,2024-01-09T07:00:00.000000Z
csaf_files/OT/white/2023/icsa-23-346-01.json,2023-12-12T07:00:00.000000Z
csaf_files/OT/white/2023/icsa-23-341-06.json,2023-12-07T07:00:00.000000Z
csaf_files/OT/white/2023/icsa-23-341-05.json,2023-12-07T07:00:00.000000Z
csaf_files/OT/white/2023/icsa-23-341-03.json,2023-12-19T07:00:00.000000Z
csaf_files/OT/white/2023/icsa-23-341-02.json,2023-12-07T07:00:00.000000Z
csaf_files/OT/white/2023/icsa-23-341-01.json,2023-12-07T07:00:00.000000Z
csaf_files/OT/white/2023/icsa-23-339-01.json,2023-12-05T07:00:00.000000Z
csaf_files/OT/white/2023/icsa-23-334-04.json,2023-11-30T07:00:00.000000Z
csaf_files/OT/white/2023/icsa-23-334-03.json,2023-11-30T07:00:00.000000Z
csaf_files/OT/white/2023/icsa-23-334-02.json,2023-11-30T07:00:00.000000Z
csaf_files/OT/white/2023/icsa-23-334-01.json,2023-11-30T07:00:00.000000Z
csaf_files/OT/white/2023/icsa-23-331-03.json,2023-11-28T07:00:00.000000Z
csaf_files/OT/white/2023/icsa-23-331-02.json,2023-11-28T07:00:00.000000Z
csaf_files/OT/white/2023/icsa-23-331-01.json,2025-05-06T06:00:00.000000Z
csaf_files/OT/white/2023/icsa-23-325-02.json,2023-11-21T07:00:00.000000Z
csaf_files/OT/white/2023/icsa-23-325-01.json,2023-11-21T07:00:00.000000Z
csaf_files/OT/white/2023/icsa-23-320-14.json,2024-05-14T00:00:00.000000Z
csaf_files/OT/white/2023/icsa-23-320-13.json,2023-11-14T00:00:00.000000Z
csaf_files/OT/white/2023/icsa-23-320-12.json,2023-11-14T00:00:00.000000Z
csaf_files/OT/white/2023/icsa-23-320-11.json,2023-11-14T00:00:00.000000Z
csaf_files/OT/white/2023/icsa-23-320-10.json,2023-11-14T00:00:00.000000Z
csaf_files/OT/white/2023/icsa-23-320-09.json,2023-11-14T00:00:00.000000Z
csaf_files/OT/white/2023/icsa-23-320-08.json,2024-03-12T00:00:00.000000Z
csaf_files/OT/white/2023/icsa-23-320-07.json,2023-11-14T00:00:00.000000Z
csaf_files/OT/white/2023/icsa-23-320-06.json,2023-11-14T00:00:00.000000Z
csaf_files/OT/white/2023/icsa-23-320-05.json,2024-04-09T00:00:00.000000Z
csaf_files/OT/white/2023/icsa-23-320-04.json,2023-11-14T00:00:00.000000Z
csaf_files/OT/white/2023/icsa-23-320-03.json,2024-08-13T00:00:00.000000Z
csaf_files/OT/white/2023/icsa-23-320-02.json,2023-11-16T07:00:00.000000Z
csaf_files/OT/white/2023/icsa-23-320-01.json,2023-11-16T07:00:00.000000Z
csaf_files/OT/white/2023/icsa-23-318-02.json,2023-11-14T07:00:00.000000Z
csaf_files/OT/white/2023/icsa-23-318-01.json,2023-11-14T07:00:00.000000Z
csaf_files/OT/white/2023/icsa-23-313-02.json,2023-11-09T07:00:00.000000Z
csaf_files/OT/white/2023/icsa-23-313-01.json,2023-11-09T07:00:00.000000Z
csaf_files/OT/white/2023/icsa-23-311-01.json,2023-11-07T07:00:00.000000Z
csaf_files/OT/white/2023/icsa-23-306-06.json,2023-11-02T06:00:00.000000Z
csaf_files/OT/white/2023/icsa-23-306-05.json,2023-11-02T06:00:00.000000Z
csaf_files/OT/white/2023/icsa-23-306-04.json,2023-11-02T06:00:00.000000Z
csaf_files/OT/white/2023/icsa-23-306-03.json,2024-11-12T07:00:00.000000Z
csaf_files/OT/white/2023/icsa-23-306-02.json,2024-02-15T07:00:00.000000Z
csaf_files/OT/white/2023/icsa-23-306-01.json,2023-11-02T06:00:00.000000Z
csaf_files/OT/white/2023/icsa-23-304-03.json,2023-10-31T06:00:00.000000Z
csaf_files/OT/white/2023/icsa-23-304-02.json,2023-10-31T06:00:00.000000Z
csaf_files/OT/white/2023/icsa-23-299-08.json,2023-10-26T06:00:00.000000Z
csaf_files/OT/white/2023/icsa-23-299-07.json,2023-10-26T06:00:00.000000Z
csaf_files/OT/white/2023/icsa-23-299-06.json,2023-10-26T06:00:00.000000Z
csaf_files/OT/white/2023/icsa-23-299-05.json,2023-10-26T06:00:00.000000Z
csaf_files/OT/white/2023/icsa-23-299-04.json,2023-10-26T06:00:00.000000Z
csaf_files/OT/white/2023/icsa-23-299-03.json,2025-02-04T07:00:00.000000Z
csaf_files/OT/white/2023/icsa-23-299-02.json,2023-10-26T06:00:00.000000Z
csaf_files/OT/white/2023/icsa-23-299-01.json,2023-10-26T06:00:00.000000Z
csaf_files/OT/white/2023/icsa-23-297-01.json,2023-11-21T07:00:00.000000Z
csaf_files/OT/white/2023/icsa-23-290-02.json,2023-10-17T06:00:00.000000Z
csaf_files/OT/white/2023/icsa-23-290-01.json,2023-10-17T06:00:00.000000Z
csaf_files/OT/white/2023/icsa-23-285-15.json,2023-10-12T06:00:00.000000Z
csaf_files/OT/white/2023/icsa-23-285-14.json,2023-10-12T06:00:00.000000Z
csaf_files/OT/white/2023/icsa-23-285-13.json,2023-10-12T06:00:00.000000Z
csaf_files/OT/white/2023/icsa-23-285-12.json,2023-10-12T06:00:00.000000Z
csaf_files/OT/white/2023/icsa-23-285-11.json,2023-10-10T00:00:00.000000Z
csaf_files/OT/white/2023/icsa-23-285-10.json,2023-10-10T00:00:00.000000Z
csaf_files/OT/white/2023/icsa-23-285-09.json,2023-10-10T00:00:00.000000Z
csaf_files/OT/white/2023/icsa-23-285-08.json,2024-07-09T00:00:00.000000Z
csaf_files/OT/white/2023/icsa-23-285-07.json,2024-05-14T00:00:00.000000Z
csaf_files/OT/white/2023/icsa-23-285-06.json,2024-06-11T00:00:00.000000Z
csaf_files/OT/white/2023/icsa-23-285-05.json,2023-10-10T00:00:00.000000Z
csaf_files/OT/white/2023/icsa-23-285-04.json,2023-10-10T00:00:00.000000Z
csaf_files/OT/white/2023/icsa-23-285-03.json,2023-10-10T00:00:00.000000Z
csaf_files/OT/white/2023/icsa-23-285-02.json,2023-10-10T00:00:00.000000Z
csaf_files/OT/white/2023/icsa-23-285-01.json,2023-10-10T00:00:00.000000Z
csaf_files/OT/white/2023/icsa-23-278-03.json,2024-06-04T06:00:00.000000Z
csaf_files/OT/white/2023/icsa-23-278-02.json,2023-10-05T06:00:00.000000Z
csaf_files/OT/white/2023/icsa-23-278-01.json,2023-10-05T06:00:00.000000Z
csaf_files/OT/white/2023/icsa-23-271-02.json,2023-09-26T06:00:00.000000Z
csaf_files/OT/white/2023/icsa-23-271-01.json,2023-09-28T06:00:00.000000Z
csaf_files/OT/white/2023/icsa-23-269-05.json,2023-09-26T06:00:00.000000Z
csaf_files/OT/white/2023/icsa-23-269-04.json,2023-09-26T06:00:00.000000Z
csaf_files/OT/white/2023/icsa-23-269-03.json,2024-07-09T06:00:00.000000Z
csaf_files/OT/white/2023/icsa-23-269-02.json,2023-09-26T06:00:00.000000Z
csaf_files/OT/white/2023/icsa-23-269-01.json,2023-09-26T06:00:00.000000Z
csaf_files/OT/white/2023/icsa-23-264-06.json,2023-09-21T06:00:00.000000Z
csaf_files/OT/white/2023/icsa-23-264-05.json,2023-09-21T06:00:00.000000Z
csaf_files/OT/white/2023/icsa-23-264-04.json,2023-09-21T06:00:00.000000Z
csaf_files/OT/white/2023/icsa-23-264-03.json,2023-09-21T06:00:00.000000Z
csaf_files/OT/white/2023/icsa-23-264-02.json,2025-05-06T06:00:00.000000Z
csaf_files/OT/white/2023/icsa-23-264-01.json,2023-09-21T06:00:00.000000Z
csaf_files/OT/white/2023/icsa-23-262-05.json,2023-09-19T06:00:00.000000Z
csaf_files/OT/white/2023/icsa-23-262-04.json,2023-09-19T06:00:00.000000Z
csaf_files/OT/white/2023/icsa-23-262-03.json,2023-09-19T06:00:00.000000Z
csaf_files/OT/white/2023/icsa-23-262-01.json,2023-09-14T00:00:00.000000Z
csaf_files/OT/white/2023/icsa-23-257-07.json,2023-09-14T06:00:00.000000Z
csaf_files/OT/white/2023/icsa-23-257-06.json,2024-05-14T00:00:00.000000Z
csaf_files/OT/white/2023/icsa-23-257-05.json,2025-05-06T06:00:00.000000Z
csaf_files/OT/white/2023/icsa-23-257-04.json,2023-09-12T00:00:00.000000Z
csaf_files/OT/white/2023/icsa-23-257-03.json,2025-05-06T06:00:00.000000Z
csaf_files/OT/white/2023/icsa-23-257-02.json,2025-05-06T06:00:00.000000Z
csaf_files/OT/white/2023/icsa-23-257-01.json,2025-05-06T06:00:00.000000Z
csaf_files/OT/white/2023/icsa-23-255-02.json,2023-09-12T06:00:00.000000Z
csaf_files/OT/white/2023/icsa-23-255-01.json,2023-09-12T06:00:00.000000Z
csaf_files/OT/white/2023/icsa-23-250-03.json,2023-09-07T06:00:00.000000Z
csaf_files/OT/white/2023/icsa-23-250-02.json,2023-09-07T06:00:00.000000Z
csaf_files/OT/white/2023/icsa-23-250-01.json,2023-09-07T06:00:00.000000Z
csaf_files/OT/white/2023/icsa-23-248-01.json,2023-09-05T06:00:00.000000Z
csaf_files/OT/white/2023/icsa-23-243-04.json,2023-08-31T06:00:00.000000Z
csaf_files/OT/white/2023/icsa-23-243-03.json,2023-10-12T06:00:00.000000Z
csaf_files/OT/white/2023/icsa-23-243-02.json,2023-08-31T06:00:00.000000Z
csaf_files/OT/white/2023/icsa-23-243-01.json,2023-08-31T06:00:00.000000Z
csaf_files/OT/white/2023/icsa-23-241-01.json,2023-08-29T06:00:00.000000Z
csaf_files/OT/white/2023/icsa-23-236-06.json,2023-08-24T06:00:00.000000Z
csaf_files/OT/white/2023/icsa-23-236-05.json,2023-08-24T06:00:00.000000Z
csaf_files/OT/white/2023/icsa-23-236-04.json,2023-08-24T06:00:00.000000Z
csaf_files/OT/white/2023/icsa-23-236-03.json,2023-08-24T06:00:00.000000Z
csaf_files/OT/white/2023/icsa-23-236-02.json,2023-08-24T06:00:00.000000Z
csaf_files/OT/white/2023/icsa-23-236-01.json,2023-08-24T06:00:00.000000Z
csaf_files/OT/white/2023/icsa-23-234-03.json,2023-08-22T06:00:00.000000Z
csaf_files/OT/white/2023/icsa-23-234-02.json,2023-08-22T06:00:00.000000Z
csaf_files/OT/white/2023/icsa-23-234-01.json,2023-08-22T06:00:00.000000Z
csaf_files/OT/white/2023/icsa-23-229-04.json,2023-07-21T06:00:00.000000Z
csaf_files/OT/white/2023/icsa-23-229-03.json,2023-08-17T06:00:00.000000Z
csaf_files/OT/white/2023/icsa-23-229-01.json,2023-08-17T06:00:00.000000Z
csaf_files/OT/white/2023/icsa-23-227-02.json,2023-08-15T06:00:00.000000Z
csaf_files/OT/white/2023/icsa-23-227-01.json,2023-08-15T06:00:00.000000Z
csaf_files/OT/white/2023/icsa-23-222-12.json,2023-11-14T00:00:00.000000Z
csaf_files/OT/white/2023/icsa-23-222-11.json,2023-08-08T00:00:00.000000Z
csaf_files/OT/white/2023/icsa-23-222-10.json,2025-05-06T06:00:00.000000Z
csaf_files/OT/white/2023/icsa-23-222-09.json,2025-05-06T06:00:00.000000Z
csaf_files/OT/white/2023/icsa-23-222-08.json,2023-11-14T00:00:00.000000Z
csaf_files/OT/white/2023/icsa-23-222-07.json,2025-05-06T06:00:00.000000Z
csaf_files/OT/white/2023/icsa-23-222-06.json,2024-08-13T00:00:00.000000Z
csaf_files/OT/white/2023/icsa-23-222-05.json,2025-05-06T06:00:00.000000Z
csaf_files/OT/white/2023/icsa-23-222-04.json,2025-05-06T06:00:00.000000Z
csaf_files/OT/white/2023/icsa-23-222-03.json,2025-05-06T06:00:00.000000Z
csaf_files/OT/white/2023/icsa-23-222-02.json,2023-08-08T00:00:00.000000Z
csaf_files/OT/white/2023/icsa-23-222-01.json,2025-05-06T06:00:00.000000Z
csaf_files/OT/white/2023/icsa-23-220-02.json,2023-08-08T06:00:00.000000Z
csaf_files/OT/white/2023/icsa-23-220-01.json,2023-10-12T06:00:00.000000Z
csaf_files/OT/white/2023/icsa-23-215-04.json,2023-08-03T06:00:00.000000Z
csaf_files/OT/white/2023/icsa-23-215-03.json,2023-08-03T06:00:00.000000Z
csaf_files/OT/white/2023/icsa-23-215-02.json,2023-08-03T06:00:00.000000Z
csaf_files/OT/white/2023/icsa-23-215-01.json,2023-08-03T06:00:00.000000Z
csaf_files/OT/white/2023/icsa-23-213-01.json,2023-08-01T06:00:00.000000Z
csaf_files/OT/white/2023/icsa-23-208-03.json,2024-01-30T07:00:00.000000Z
csaf_files/OT/white/2023/icsa-23-208-02.json,2023-07-27T00:00:00.000000Z
csaf_files/OT/white/2023/icsa-23-208-01.json,2023-07-27T00:00:00.000000Z
csaf_files/OT/white/2023/icsa-23-206-04.json,2023-07-25T00:00:00.000000Z
csaf_files/OT/white/2023/icsa-23-206-03.json,2023-07-25T00:00:00.000000Z
csaf_files/OT/white/2023/icsa-23-206-02.json,2023-07-25T00:00:00.000000Z
csaf_files/OT/white/2023/icsa-23-206-01.json,2023-07-25T00:00:00.000000Z
csaf_files/OT/white/2023/icsa-23-201-01.json,2023-07-20T06:00:00.000000Z
csaf_files/OT/white/2023/icsa-23-199-07.json,2023-07-18T06:00:00.000000Z
csaf_files/OT/white/2023/icsa-23-199-06.json,2023-07-18T06:00:00.000000Z
csaf_files/OT/white/2023/icsa-23-199-05.json,2023-07-18T06:00:00.000000Z
csaf_files/OT/white/2023/icsa-23-199-04.json,2023-07-18T06:00:00.000000Z
csaf_files/OT/white/2023/icsa-23-199-03.json,2023-07-18T06:00:00.000000Z
csaf_files/OT/white/2023/icsa-23-199-02.json,2023-07-18T06:00:00.000000Z
csaf_files/OT/white/2023/icsa-23-199-01.json,2023-07-18T06:00:00.000000Z
csaf_files/OT/white/2023/icsa-23-194-06.json,2023-07-13T00:00:00.000000Z
csaf_files/OT/white/2023/icsa-23-194-05.json,2023-07-13T06:00:00.000000Z
csaf_files/OT/white/2023/icsa-23-194-04.json,2025-05-06T06:00:00.000000Z
csaf_files/OT/white/2023/icsa-23-194-03.json,2025-05-06T06:00:00.000000Z
csaf_files/OT/white/2023/icsa-23-194-02.json,2025-05-06T06:00:00.000000Z
csaf_files/OT/white/2023/icsa-23-194-01.json,2025-05-06T06:00:00.000000Z
csaf_files/OT/white/2023/icsa-23-193-01.json,2023-07-12T06:00:00.000000Z
csaf_files/OT/white/2023/icsa-23-192-03.json,2023-07-11T06:00:00.000000Z
csaf_files/OT/white/2023/icsa-23-192-02.json,2023-07-11T00:00:00.000000Z
csaf_files/OT/white/2023/icsa-23-192-01.json,2023-07-11T00:00:00.000000Z
csaf_files/OT/white/2023/icsa-23-187-02.json,2023-07-06T06:00:00.000000Z
csaf_files/OT/white/2023/icsa-23-187-01.json,2023-07-06T06:00:00.000000Z
csaf_files/OT/white/2023/icsa-23-180-04.json,2023-07-11T06:00:00.000000Z
csaf_files/OT/white/2023/icsa-23-180-03.json,2023-06-29T06:00:00.000000Z
csaf_files/OT/white/2023/icsa-23-180-02.json,2023-06-29T06:00:00.000000Z
csaf_files/OT/white/2023/icsa-23-180-01.json,2023-06-29T06:00:00.000000Z
csaf_files/OT/white/2023/icsa-23-178-01.json,2023-06-27T06:00:00.000000Z
csaf_files/OT/white/2023/icsa-23-173-03.json,2023-06-23T06:00:00.000000Z
csaf_files/OT/white/2023/icsa-23-173-02.json,2023-06-20T06:00:00.000000Z
csaf_files/OT/white/2023/icsa-23-171-02.json,2023-06-20T06:00:00.000000Z
csaf_files/OT/white/2023/icsa-23-171-01.json,2023-07-13T06:00:00.000000Z
csaf_files/OT/white/2023/icsa-23-166-14.json,2025-05-06T06:00:00.000000Z
csaf_files/OT/white/2023/icsa-23-166-13.json,2023-06-13T00:00:00.000000Z
csaf_files/OT/white/2023/icsa-23-166-12.json,2023-06-14T00:00:00.000000Z
csaf_files/OT/white/2023/icsa-23-166-11.json,2024-04-09T00:00:00.000000Z
csaf_files/OT/white/2023/icsa-23-166-10.json,2024-04-09T00:00:00.000000Z
csaf_files/OT/white/2023/icsa-23-166-09.json,2023-11-14T00:00:00.000000Z
csaf_files/OT/white/2023/icsa-23-166-08.json,2024-05-14T00:00:00.000000Z
csaf_files/OT/white/2023/icsa-23-166-07.json,2025-05-06T06:00:00.000000Z
csaf_files/OT/white/2023/icsa-23-166-06.json,2024-12-10T00:00:00.000000Z
csaf_files/OT/white/2023/icsa-23-166-05.json,2023-06-13T00:00:00.000000Z
csaf_files/OT/white/2023/icsa-23-166-04.json,2025-05-06T06:00:00.000000Z
csaf_files/OT/white/2023/icsa-23-166-03.json,2025-05-06T06:00:00.000000Z
csaf_files/OT/white/2023/icsa-23-166-02.json,2023-06-15T06:00:00.000000Z
csaf_files/OT/white/2023/icsa-23-166-01.json,2023-06-15T06:00:00.000000Z
csaf_files/OT/white/2023/icsa-23-164-04.json,2023-06-13T06:00:00.000000Z
csaf_files/OT/white/2023/icsa-23-164-03.json,2023-06-13T06:00:00.000000Z
csaf_files/OT/white/2023/icsa-23-164-02.json,2023-06-13T06:00:00.000000Z
csaf_files/OT/white/2023/icsa-23-164-01.json,2023-06-13T06:00:00.000000Z
csaf_files/OT/white/2023/icsa-23-159-02.json,2023-06-08T06:00:00.000000Z
csaf_files/OT/white/2023/icsa-23-159-01.json,2023-06-08T06:00:00.000000Z
csaf_files/OT/white/2023/icsa-23-157-02.json,2024-10-31T06:00:00.000000Z
csaf_files/OT/white/2023/icsa-23-157-01.json,2023-09-07T06:00:00.000000Z
csaf_files/OT/white/2023/icsa-23-152-02.json,2023-06-01T06:00:00.000000Z
csaf_files/OT/white/2023/icsa-23-152-01.json,2023-06-01T06:00:00.000000Z
csaf_files/OT/white/2023/icsa-23-150-01.json,2023-05-25T06:00:00.000000Z
csaf_files/OT/white/2023/icsa-23-145-01.json,2023-05-31T20:26:29.755020Z
csaf_files/OT/white/2023/icsa-23-143-04.json,2023-05-31T20:26:29.732849Z
csaf_files/OT/white/2023/icsa-23-143-03.json,2024-04-25T06:00:00.000000Z
csaf_files/OT/white/2023/icsa-23-143-02.json,2023-10-19T06:00:00.000000Z
csaf_files/OT/white/2023/icsa-23-143-01.json,2023-05-31T20:26:29.765074Z
csaf_files/OT/white/2023/icsa-23-138-04.json,2023-05-22T14:17:19.565087Z
csaf_files/OT/white/2023/icsa-23-138-03.json,2023-05-18T19:01:59.415885Z
csaf_files/OT/white/2023/icsa-23-138-02.json,2023-08-22T06:00:00.000000Z
csaf_files/OT/white/2023/icsa-23-138-01.json,2023-05-18T19:01:59.436599Z
csaf_files/OT/white/2023/icsa-23-136-03.json,2023-05-16T19:48:44.881188Z
csaf_files/OT/white/2023/icsa-23-136-02.json,2023-05-18T19:01:59.428226Z
csaf_files/OT/white/2023/icsa-23-136-01.json,2024-11-12T07:00:00.000000Z
csaf_files/OT/white/2023/icsa-23-131-15.json,2023-05-11T22:14:23.629560Z
csaf_files/OT/white/2023/icsa-23-131-14.json,2023-05-11T22:14:23.620441Z
csaf_files/OT/white/2023/icsa-23-131-13.json,2023-05-12T18:09:09.420860Z
csaf_files/OT/white/2023/icsa-23-131-12.json,2023-05-12T18:09:09.435069Z
csaf_files/OT/white/2023/icsa-23-131-11.json,2023-05-10T20:52:45.090469Z
csaf_files/OT/white/2023/icsa-23-131-10.json,2023-05-12T15:07:40.899704Z
csaf_files/OT/white/2023/icsa-23-131-09.json,2023-05-11T22:14:23.610081Z
csaf_files/OT/white/2023/icsa-23-131-08.json,2023-05-11T06:00:00.000000Z
csaf_files/OT/white/2023/icsa-23-131-07.json,2023-05-10T21:14:08.895031Z
csaf_files/OT/white/2023/icsa-23-131-06.json,2025-05-06T06:00:00.000000Z
csaf_files/OT/white/2023/icsa-23-131-05.json,2025-05-06T06:00:00.000000Z
csaf_files/OT/white/2023/icsa-23-131-04.json,2025-05-06T06:00:00.000000Z
csaf_files/OT/white/2023/icsa-23-131-03.json,2023-05-09T00:00:00.000000Z
csaf_files/OT/white/2023/icsa-23-131-02.json,2023-10-10T00:00:00.000000Z
csaf_files/OT/white/2023/icsa-23-131-01.json,2023-08-08T00:00:00.000000Z
csaf_files/OT/white/2023/icsa-23-129-02.json,2023-05-10T21:13:09.601070Z
csaf_files/OT/white/2023/icsa-23-122-01.json,2023-05-02T18:41:30.488188Z
csaf_files/OT/white/2023/icsa-23-115-02.json,2023-04-28T18:53:19.821723Z
csaf_files/OT/white/2023/icsa-23-115-01.json,2023-11-21T07:00:00.000000Z
csaf_files/OT/white/2023/icsa-23-110-01.json,2023-04-20T15:30:49.225865Z
csaf_files/OT/white/2023/icsa-23-108-02.json,2024-06-11T06:00:00.000000Z
csaf_files/OT/white/2023/icsa-23-108-01.json,2023-04-20T15:30:49.210862Z
csaf_files/OT/white/2023/icsa-23-103-15.json,2023-04-14T20:06:05.726567Z
csaf_files/OT/white/2023/icsa-23-103-14.json,2023-04-20T19:52:36.700072Z
csaf_files/OT/white/2023/icsa-23-103-13.json,2024-08-13T00:00:00.000000Z
csaf_files/OT/white/2023/icsa-23-103-12.json,2025-05-06T06:00:00.000000Z
csaf_files/OT/white/2023/icsa-23-103-11.json,2025-05-06T06:00:00.000000Z
csaf_files/OT/white/2023/icsa-23-103-10.json,2025-05-06T06:00:00.000000Z
csaf_files/OT/white/2023/icsa-23-103-09.json,2025-05-06T06:00:00.000000Z
csaf_files/OT/white/2023/icsa-23-103-08.json,2025-05-06T06:00:00.000000Z
csaf_files/OT/white/2023/icsa-23-103-07.json,2023-04-11T00:00:00.000000Z
csaf_files/OT/white/2023/icsa-23-103-06.json,2024-05-14T00:00:00.000000Z
csaf_files/OT/white/2023/icsa-23-103-05.json,2025-05-06T06:00:00.000000Z
csaf_files/OT/white/2023/icsa-23-103-04.json,2024-08-13T00:00:00.000000Z
csaf_files/OT/white/2023/icsa-23-103-03.json,2025-05-06T06:00:00.000000Z
csaf_files/OT/white/2023/icsa-23-103-02.json,2025-05-06T06:00:00.000000Z
csaf_files/OT/white/2023/icsa-23-103-01.json,2023-04-11T00:00:00.000000Z
csaf_files/OT/white/2023/icsa-23-101-01.json,2023-04-18T19:27:35.008841Z
csaf_files/OT/white/2023/icsa-23-096-06.json,2023-04-10T17:28:36.056143Z
csaf_files/OT/white/2023/icsa-23-096-05.json,2023-04-10T15:37:08.398013Z
csaf_files/OT/white/2023/icsa-23-096-04.json,2023-04-10T16:08:00.934924Z
csaf_files/OT/white/2023/icsa-23-096-03.json,2023-04-10T16:34:33.527289Z
csaf_files/OT/white/2023/icsa-23-096-02.json,2023-04-10T16:26:09.913765Z
csaf_files/OT/white/2023/icsa-23-096-01.json,2023-04-10T16:19:19.857614Z
csaf_files/OT/white/2023/icsa-23-094-01.json,2023-04-04T17:20:10.507650Z
csaf_files/OT/white/2023/icsa-23-089-01.json,2025-05-27T12:30:00.000000Z
csaf_files/OT/white/2023/icsa-23-082-06.json,2024-02-08T07:00:00.000000Z
csaf_files/OT/white/2023/icsa-23-082-05.json,2023-03-31T19:07:05.278945Z
csaf_files/OT/white/2023/icsa-23-082-04.json,2023-04-03T19:38:42.642957Z
csaf_files/OT/white/2023/icsa-23-082-03.json,2023-04-03T19:38:42.612958Z
csaf_files/OT/white/2023/icsa-23-082-02.json,2023-03-31T19:07:05.255213Z
csaf_files/OT/white/2023/icsa-23-082-01.json,2023-03-31T19:07:05.310067Z
csaf_files/OT/white/2023/icsa-23-080-07.json,2023-03-14T00:00:00.000000Z
csaf_files/OT/white/2023/icsa-23-080-06.json,2023-03-31T19:07:05.264096Z
csaf_files/OT/white/2023/icsa-23-080-05.json,2023-04-03T19:38:42.524396Z
csaf_files/OT/white/2023/icsa-23-080-04.json,2023-03-14T00:00:00.000000Z
csaf_files/OT/white/2023/icsa-23-080-02.json,2023-03-29T16:33:08.768690Z
csaf_files/OT/white/2023/icsa-23-080-01.json,2023-03-29T16:37:57.399870Z
csaf_files/OT/white/2023/icsa-23-075-07.json,2023-03-31T16:10:45.648316Z
csaf_files/OT/white/2023/icsa-23-075-06.json,2023-04-03T18:20:44.880953Z
csaf_files/OT/white/2023/icsa-23-075-05.json,2025-05-06T06:00:00.000000Z
csaf_files/OT/white/2023/icsa-23-075-04.json,2024-04-09T00:00:00.000000Z
csaf_files/OT/white/2023/icsa-23-075-03.json,2023-03-14T00:00:00.000000Z
csaf_files/OT/white/2023/icsa-23-075-02.json,2023-03-14T00:00:00.000000Z
csaf_files/OT/white/2023/icsa-23-075-01.json,2023-03-14T00:00:00.000000Z
csaf_files/OT/white/2023/icsa-23-073-04.json,2023-03-29T18:39:49.233100Z
csaf_files/OT/white/2023/icsa-23-073-03.json,2023-03-29T18:59:20.240657Z
csaf_files/OT/white/2023/icsa-23-073-02.json,2023-03-29T18:59:20.225092Z
csaf_files/OT/white/2023/icsa-23-073-01.json,2023-03-31T15:58:39.527124Z
csaf_files/OT/white/2023/icsa-23-068-05.json,2025-05-27T12:30:00.000000Z
csaf_files/OT/white/2023/icsa-23-068-04.json,2023-03-29T16:55:34.194688Z
csaf_files/OT/white/2023/icsa-23-068-03.json,2023-04-03T13:25:41.249897Z
csaf_files/OT/white/2023/icsa-23-068-02.json,2023-03-29T17:05:20.993768Z
csaf_files/OT/white/2023/icsa-23-068-01.json,2023-03-29T18:39:49.192244Z
csaf_files/OT/white/2023/icsa-23-061-03.json,2023-03-06T19:52:26.297982Z
csaf_files/OT/white/2023/icsa-23-061-02.json,2023-03-02T07:00:00.000000Z
csaf_files/OT/white/2023/icsa-23-061-01.json,2023-06-20T06:00:00.000000Z
csaf_files/OT/white/2023/icsa-23-059-02.json,2023-03-06T19:52:26.266848Z
csaf_files/OT/white/2023/icsa-23-059-01.json,2023-03-06T19:52:26.287374Z
csaf_files/OT/white/2023/icsa-23-054-01.json,2023-02-27T20:46:39.753316Z
csaf_files/OT/white/2023/icsa-23-052-01.json,2023-02-27T20:46:39.744091Z
csaf_files/OT/white/2023/icsa-23-047-13.json,2023-02-20T23:30:33.558518Z
csaf_files/OT/white/2023/icsa-23-047-12.json,2023-02-14T00:00:00.000000Z
csaf_files/OT/white/2023/icsa-23-047-11.json,2023-02-14T00:00:00.000000Z
csaf_files/OT/white/2023/icsa-23-047-10.json,2023-02-14T00:00:00.000000Z
csaf_files/OT/white/2023/icsa-23-047-09.json,2025-05-06T06:00:00.000000Z
csaf_files/OT/white/2023/icsa-23-047-08.json,2023-09-12T00:00:00.000000Z
csaf_files/OT/white/2023/icsa-23-047-07.json,2024-08-13T00:00:00.000000Z
csaf_files/OT/white/2023/icsa-23-047-06.json,2023-02-14T00:00:00.000000Z
csaf_files/OT/white/2023/icsa-23-047-05.json,2023-02-14T00:00:00.000000Z
csaf_files/OT/white/2023/icsa-23-047-04.json,2023-02-14T00:00:00.000000Z
csaf_files/OT/white/2023/icsa-23-047-03.json,2023-02-14T00:00:00.000000Z
csaf_files/OT/white/2023/icsa-23-047-02.json,2023-02-14T00:00:00.000000Z
csaf_files/OT/white/2023/icsa-23-047-01.json,2023-03-14T00:00:00.000000Z
csaf_files/OT/white/2023/icsa-23-045-01.json,2023-02-20T16:33:49.721285Z
csaf_files/OT/white/2023/icsa-23-040-04.json,2023-02-09T00:00:00.000000Z
csaf_files/OT/white/2023/icsa-23-040-03.json,2023-02-09T00:00:00.000000Z
csaf_files/OT/white/2023/icsa-23-040-02.json,2023-02-09T00:00:00.000000Z
csaf_files/OT/white/2023/icsa-23-040-01.json,2023-02-09T00:00:00.000000Z
csaf_files/OT/white/2023/icsa-23-037-01.json,2023-02-07T00:00:00.000000Z
csaf_files/OT/white/2023/icsa-23-033-05.json,2023-02-02T00:00:00.000000Z
csaf_files/OT/white/2023/icsa-23-033-04.json,2023-02-02T00:00:00.000000Z
csaf_files/OT/white/2023/icsa-23-033-03.json,2023-02-02T07:00:00.000000Z
csaf_files/OT/white/2023/icsa-23-033-02.json,2023-02-02T00:00:00.000000Z
csaf_files/OT/white/2023/icsa-23-033-01.json,2023-02-02T00:00:00.000000Z
csaf_files/OT/white/2023/icsa-23-031-01.json,2023-01-31T00:00:00.000000Z
csaf_files/OT/white/2023/icsa-23-026-07.json,2023-01-26T00:00:00.000000Z
csaf_files/OT/white/2023/icsa-23-026-06.json,2023-01-26T00:00:00.000000Z
csaf_files/OT/white/2023/icsa-23-026-05.json,2023-01-26T00:00:00.000000Z
csaf_files/OT/white/2023/icsa-23-026-04.json,2023-01-26T00:00:00.000000Z
csaf_files/OT/white/2023/icsa-23-026-03.json,2023-01-26T00:00:00.000000Z
csaf_files/OT/white/2023/icsa-23-026-02.json,2023-06-22T06:00:00.000000Z
csaf_files/OT/white/2023/icsa-23-026-01.json,2023-01-26T00:00:00.000000Z
csaf_files/OT/white/2023/icsa-23-024-02.json,2023-09-26T06:00:00.000000Z
csaf_files/OT/white/2023/icsa-23-024-01.json,2023-01-24T00:00:00.000000Z
csaf_files/OT/white/2023/icsa-23-019-01.json,2023-01-19T00:00:00.000000Z
csaf_files/OT/white/2023/icsa-23-017-03.json,2023-01-10T00:00:00.000000Z
csaf_files/OT/white/2023/icsa-23-017-02.json,2023-01-27T00:00:00.000000Z
csaf_files/OT/white/2023/icsa-23-017-01.json,2023-01-17T00:00:00.000000Z
csaf_files/OT/white/2023/icsa-23-012-11.json,2023-01-10T00:00:00.000000Z
csaf_files/OT/white/2023/icsa-23-012-10.json,2023-03-14T00:00:00.000000Z
csaf_files/OT/white/2023/icsa-23-012-09.json,2023-01-10T00:00:00.000000Z
csaf_files/OT/white/2023/icsa-23-012-08.json,2025-01-14T00:00:00.000000Z
csaf_files/OT/white/2023/icsa-23-012-07.json,2023-01-12T00:00:00.000000Z
csaf_files/OT/white/2023/icsa-23-012-06.json,2023-01-12T00:00:00.000000Z
csaf_files/OT/white/2023/icsa-23-012-05.json,2023-01-12T00:00:00.000000Z
csaf_files/OT/white/2023/icsa-23-012-04.json,2023-01-12T00:00:00.000000Z
csaf_files/OT/white/2023/icsa-23-012-03.json,2023-01-12T00:00:00.000000Z
csaf_files/OT/white/2023/icsa-23-012-02.json,2023-01-12T00:00:00.000000Z
csaf_files/OT/white/2023/icsa-23-012-01.json,2023-01-12T00:00:00.000000Z
csaf_files/OT/white/2023/icsa-23-010-01.json,2023-01-10T00:00:00.000000Z
csaf_files/OT/white/2023/icsa-23-005-03.json,2023-01-05T00:00:00.000000Z
csaf_files/OT/white/2023/icsa-23-005-02.json,2023-01-05T00:00:00.000000Z
csaf_files/OT/white/2023/icsa-23-005-01.json,2023-01-05T00:00:00.000000Z
csaf_files/OT/white/2022/icsma-22-335-01.json,2022-12-01T00:00:00.000000Z
csaf_files/OT/white/2022/icsma-22-298-01.json,2022-10-25T06:00:00.000000Z
csaf_files/OT/white/2022/icsma-22-277-01.json,2022-10-04T00:00:00.000000Z
csaf_files/OT/white/2022/icsma-22-263-01.json,2022-09-20T00:00:00.000000Z
csaf_files/OT/white/2022/icsma-22-251-01.json,2022-09-29T00:00:00.000000Z
csaf_files/OT/white/2022/icsma-22-244-01.json,2025-01-30T07:00:00.000000Z
csaf_files/OT/white/2022/icsma-22-174-01.json,2022-06-23T00:00:00.000000Z
csaf_files/OT/white/2022/icsma-22-167-01.json,2022-06-16T00:00:00.000000Z
csaf_files/OT/white/2022/icsma-22-151-02.json,2022-05-31T00:00:00.000000Z
csaf_files/OT/white/2022/icsma-22-151-01.json,2022-05-31T00:00:00.000000Z
csaf_files/OT/white/2022/icsma-22-095-01.json,2022-04-05T00:00:00.000000Z
csaf_files/OT/white/2022/icsma-22-088-01.json,2022-03-29T00:00:00.000000Z
csaf_files/OT/white/2022/icsma-22-062-02.json,2022-03-03T00:00:00.000000Z
csaf_files/OT/white/2022/icsma-22-062-01.json,2022-03-03T00:00:00.000000Z
csaf_files/OT/white/2022/icsma-22-006-01.json,2022-01-06T00:00:00.000000Z
csaf_files/OT/white/2022/icsa-22-356-04.json,2022-12-22T00:00:00.000000Z
csaf_files/OT/white/2022/icsa-22-356-03.json,2024-09-05T06:00:00.000000Z
csaf_files/OT/white/2022/icsa-22-356-02.json,2022-12-22T00:00:00.000000Z
csaf_files/OT/white/2022/icsa-22-356-01.json,2022-12-22T00:00:00.000000Z
csaf_files/OT/white/2022/icsa-22-354-05.json,2022-12-20T00:00:00.000000Z
csaf_files/OT/white/2022/icsa-22-354-04.json,2022-12-20T00:00:00.000000Z
csaf_files/OT/white/2022/icsa-22-354-03.json,2023-02-09T00:00:00.000000Z
csaf_files/OT/white/2022/icsa-22-354-02.json,2022-12-20T00:00:00.000000Z
csaf_files/OT/white/2022/icsa-22-354-01.json,2022-12-20T00:00:00.000000Z
csaf_files/OT/white/2022/icsa-22-349-21.json,2022-12-13T00:00:00.000000Z
csaf_files/OT/white/2022/icsa-22-349-20.json,2025-05-06T06:00:00.000000Z
csaf_files/OT/white/2022/icsa-22-349-19.json,2022-12-13T00:00:00.000000Z
csaf_files/OT/white/2022/icsa-22-349-18.json,2022-12-13T00:00:00.000000Z
csaf_files/OT/white/2022/icsa-22-349-17.json,2022-12-13T00:00:00.000000Z
csaf_files/OT/white/2022/icsa-22-349-16.json,2025-05-06T06:00:00.000000Z
csaf_files/OT/white/2022/icsa-22-349-15.json,2022-12-13T00:00:00.000000Z
csaf_files/OT/white/2022/icsa-22-349-14.json,2025-05-06T06:00:00.000000Z
csaf_files/OT/white/2022/icsa-22-349-13.json,2023-01-10T00:00:00.000000Z
csaf_files/OT/white/2022/icsa-22-349-12.json,2025-05-06T06:00:00.000000Z
csaf_files/OT/white/2022/icsa-22-349-11.json,2025-05-06T06:00:00.000000Z
csaf_files/OT/white/2022/icsa-22-349-10.json,2025-05-06T06:00:00.000000Z
csaf_files/OT/white/2022/icsa-22-349-09.json,2025-05-06T06:00:00.000000Z
csaf_files/OT/white/2022/icsa-22-349-08.json,2025-05-06T06:00:00.000000Z
csaf_files/OT/white/2022/icsa-22-349-07.json,2025-05-06T06:00:00.000000Z
csaf_files/OT/white/2022/icsa-22-349-06.json,2023-01-10T00:00:00.000000Z
csaf_files/OT/white/2022/icsa-22-349-04.json,2025-05-06T06:00:00.000000Z
csaf_files/OT/white/2022/icsa-22-349-03.json,2025-05-06T06:00:00.000000Z
csaf_files/OT/white/2022/icsa-22-349-02.json,2022-12-13T00:00:00.000000Z
csaf_files/OT/white/2022/icsa-22-349-01.json,2023-01-03T00:00:00.000000Z
csaf_files/OT/white/2022/icsa-22-347-03.json,2023-01-19T00:00:00.000000Z
csaf_files/OT/white/2022/icsa-22-347-02.json,2022-12-13T00:00:00.000000Z
csaf_files/OT/white/2022/icsa-22-347-01.json,2022-12-13T00:00:00.000000Z
csaf_files/OT/white/2022/icsa-22-346-05.json,2022-12-13T00:00:00.000000Z
csaf_files/OT/white/2022/icsa-22-342-03.json,2022-12-08T00:00:00.000000Z
csaf_files/OT/white/2022/icsa-22-342-02.json,2023-04-03T10:15:45.322434Z
csaf_files/OT/white/2022/icsa-22-342-01.json,2022-12-08T00:00:00.000000Z
csaf_files/OT/white/2022/icsa-22-335-02.json,2022-12-01T00:00:00.000000Z
csaf_files/OT/white/2022/icsa-22-335-01.json,2022-12-01T00:00:00.000000Z
csaf_files/OT/white/2022/icsa-22-333-05.json,2023-06-01T06:00:00.000000Z
csaf_files/OT/white/2022/icsa-22-333-04.json,2023-02-23T00:00:00.000000Z
csaf_files/OT/white/2022/icsa-22-333-03.json,2023-11-09T07:00:00.000000Z
csaf_files/OT/white/2022/icsa-22-333-02.json,2024-07-23T06:00:00.000000Z
csaf_files/OT/white/2022/icsa-22-333-01.json,2022-11-29T00:00:00.000000Z
csaf_files/OT/white/2022/icsa-22-326-05.json,2022-11-22T00:00:00.000000Z
csaf_files/OT/white/2022/icsa-22-326-04.json,2022-11-22T00:00:00.000000Z
csaf_files/OT/white/2022/icsa-22-326-03.json,2022-11-22T00:00:00.000000Z
csaf_files/OT/white/2022/icsa-22-326-02.json,2022-11-22T07:00:00.000000Z
csaf_files/OT/white/2022/icsa-22-326-01.json,2022-11-22T00:00:00.000000Z
csaf_files/OT/white/2022/icsa-22-321-02.json,2022-11-17T00:00:00.000000Z
csaf_files/OT/white/2022/icsa-22-321-01.json,2022-11-17T00:00:00.000000Z
csaf_files/OT/white/2022/icsa-22-319-01.json,2022-11-15T00:00:00.000000Z
csaf_files/OT/white/2022/icsa-22-314-11.json,2024-01-09T00:00:00.000000Z
csaf_files/OT/white/2022/icsa-22-314-10.json,2023-02-14T00:00:00.000000Z
csaf_files/OT/white/2022/icsa-22-314-09.json,2025-05-06T06:00:00.000000Z
csaf_files/OT/white/2022/icsa-22-314-08.json,2022-11-10T00:00:00.000000Z
csaf_files/OT/white/2022/icsa-22-314-07.json,2022-11-10T00:00:00.000000Z
csaf_files/OT/white/2022/icsa-22-314-06.json,2025-05-06T06:00:00.000000Z
csaf_files/OT/white/2022/icsa-22-314-05.json,2023-11-14T00:00:00.000000Z
csaf_files/OT/white/2022/icsa-22-314-04.json,2023-02-14T00:00:00.000000Z
csaf_files/OT/white/2022/icsa-22-314-03.json,2022-11-08T00:00:00.000000Z
csaf_files/OT/white/2022/icsa-22-314-02.json,2025-05-06T06:00:00.000000Z
csaf_files/OT/white/2022/icsa-22-314-01.json,2022-11-08T00:00:00.000000Z
csaf_files/OT/white/2022/icsa-22-307-03.json,2022-11-03T00:00:00.000000Z
csaf_files/OT/white/2022/icsa-22-307-02.json,2022-11-03T06:00:00.000000Z
csaf_files/OT/white/2022/icsa-22-307-01.json,2024-12-03T07:00:00.000000Z
csaf_files/OT/white/2022/icsa-22-300-04.json,2022-10-27T00:00:00.000000Z
csaf_files/OT/white/2022/icsa-22-300-03.json,2022-10-27T06:00:00.000000Z
csaf_files/OT/white/2022/icsa-22-300-02.json,2022-10-27T00:00:00.000000Z
csaf_files/OT/white/2022/icsa-22-300-01.json,2022-10-27T00:00:00.000000Z
csaf_files/OT/white/2022/icsa-22-298-07.json,2023-01-18T00:00:00.000000Z
csaf_files/OT/white/2022/icsa-22-298-06.json,2023-02-16T00:00:00.000000Z
csaf_files/OT/white/2022/icsa-22-298-05.json,2022-10-25T00:00:00.000000Z
csaf_files/OT/white/2022/icsa-22-298-04.json,2022-10-25T00:00:00.000000Z
csaf_files/OT/white/2022/icsa-22-298-03.json,2022-10-21T00:00:00.000000Z
csaf_files/OT/white/2022/icsa-22-298-02.json,2022-10-25T00:00:00.000000Z
csaf_files/OT/white/2022/icsa-22-298-01.json,2022-10-25T00:00:00.000000Z
csaf_files/OT/white/2022/icsa-22-293-01.json,2022-10-20T00:00:00.000000Z
csaf_files/OT/white/2022/icsa-22-291-01.json,2022-10-18T00:00:00.000000Z
csaf_files/OT/white/2022/icsa-22-286-16.json,2022-10-11T00:00:00.000000Z
csaf_files/OT/white/2022/icsa-22-286-15.json,2022-11-08T00:00:00.000000Z
csaf_files/OT/white/2022/icsa-22-286-14.json,2022-10-11T00:00:00.000000Z
csaf_files/OT/white/2022/icsa-22-286-13.json,2024-10-08T00:00:00.000000Z
csaf_files/OT/white/2022/icsa-22-286-12.json,2025-05-13T00:00:00.000000Z
csaf_files/OT/white/2022/icsa-22-286-11.json,2025-05-06T06:00:00.000000Z
csaf_files/OT/white/2022/icsa-22-286-10.json,2022-10-11T00:00:00.000000Z
csaf_files/OT/white/2022/icsa-22-286-09.json,2025-05-06T06:00:00.000000Z
csaf_files/OT/white/2022/icsa-22-286-08.json,2025-05-06T06:00:00.000000Z
csaf_files/OT/white/2022/icsa-22-286-07.json,2023-02-14T00:00:00.000000Z
csaf_files/OT/white/2022/icsa-22-286-06.json,2022-10-11T00:00:00.000000Z
csaf_files/OT/white/2022/icsa-22-286-05.json,2022-10-13T00:00:00.000000Z
csaf_files/OT/white/2022/icsa-22-286-04.json,2022-10-11T00:00:00.000000Z
csaf_files/OT/white/2022/icsa-22-286-03.json,2022-10-11T00:00:00.000000Z
csaf_files/OT/white/2022/icsa-22-286-02.json,2022-10-13T00:00:00.000000Z
csaf_files/OT/white/2022/icsa-22-286-01.json,2022-10-11T00:00:00.000000Z
csaf_files/OT/white/2022/icsa-22-284-03.json,2022-10-11T00:00:00.000000Z
csaf_files/OT/white/2022/icsa-22-284-02.json,2022-10-11T00:00:00.000000Z
csaf_files/OT/white/2022/icsa-22-284-01.json,2022-10-11T00:00:00.000000Z
csaf_files/OT/white/2022/icsa-22-279-02.json,2022-10-06T00:00:00.000000Z
csaf_files/OT/white/2022/icsa-22-279-01.json,2022-10-06T00:00:00.000000Z
csaf_files/OT/white/2022/icsa-22-277-04.json,2022-10-04T00:00:00.000000Z
csaf_files/OT/white/2022/icsa-22-277-03.json,2022-10-04T06:00:00.000000Z
csaf_files/OT/white/2022/icsa-22-277-02.json,2022-10-04T00:00:00.000000Z
csaf_files/OT/white/2022/icsa-22-277-01.json,2022-10-04T00:00:00.000000Z
csaf_files/OT/white/2022/icsa-22-272-02.json,2022-09-29T00:00:00.000000Z
csaf_files/OT/white/2022/icsa-22-272-01.json,2022-09-29T00:00:00.000000Z
csaf_files/OT/white/2022/icsa-22-270-03.json,2022-09-27T00:00:00.000000Z
csaf_files/OT/white/2022/icsa-22-270-02.json,2022-09-27T00:00:00.000000Z
csaf_files/OT/white/2022/icsa-22-270-01.json,2022-09-27T00:00:00.000000Z
csaf_files/OT/white/2022/icsa-22-265-01.json,2022-09-22T00:00:00.000000Z
csaf_files/OT/white/2022/icsa-22-263-04.json,2022-09-20T00:00:00.000000Z
csaf_files/OT/white/2022/icsa-22-263-03.json,2023-05-04T23:12:37.028223Z
csaf_files/OT/white/2022/icsa-22-263-02.json,2022-09-20T00:00:00.000000Z
csaf_files/OT/white/2022/icsa-22-263-01.json,2022-09-20T00:00:00.000000Z
csaf_files/OT/white/2022/icsa-22-258-05.json,2022-09-13T00:00:00.000000Z
csaf_files/OT/white/2022/icsa-22-258-04.json,2022-12-13T00:00:00.000000Z
csaf_files/OT/white/2022/icsa-22-258-03.json,2025-05-06T06:00:00.000000Z
csaf_files/OT/white/2022/icsa-22-258-02.json,2022-09-13T00:00:00.000000Z
csaf_files/OT/white/2022/icsa-22-258-01.json,2022-09-13T00:00:00.000000Z
csaf_files/OT/white/2022/icsa-22-256-04.json,2022-09-13T00:00:00.000000Z
csaf_files/OT/white/2022/icsa-22-256-03.json,2023-06-01T06:00:00.000000Z
csaf_files/OT/white/2022/icsa-22-256-02.json,2022-09-13T00:00:00.000000Z
csaf_files/OT/white/2022/icsa-22-256-01.json,2022-09-13T00:00:00.000000Z
csaf_files/OT/white/2022/icsa-22-251-01.json,2022-09-08T00:00:00.000000Z
csaf_files/OT/white/2022/icsa-22-249-04.json,2022-09-06T00:00:00.000000Z
csaf_files/OT/white/2022/icsa-22-249-03.json,2022-09-06T00:00:00.000000Z
csaf_files/OT/white/2022/icsa-22-249-02.json,2022-09-06T00:00:00.000000Z
csaf_files/OT/white/2022/icsa-22-249-01.json,2022-09-06T00:00:00.000000Z
csaf_files/OT/white/2022/icsa-22-244-01.json,2022-09-29T00:00:00.000000Z
csaf_files/OT/white/2022/icsa-22-242-11.json,2022-08-30T00:00:00.000000Z
csaf_files/OT/white/2022/icsa-22-242-10.json,2022-09-08T00:00:00.000000Z
csaf_files/OT/white/2022/icsa-22-242-09.json,2022-08-30T00:00:00.000000Z
csaf_files/OT/white/2022/icsa-22-242-08.json,2022-08-30T00:00:00.000000Z
csaf_files/OT/white/2022/icsa-22-242-07.json,2022-08-30T00:00:00.000000Z
csaf_files/OT/white/2022/icsa-22-242-06.json,2022-08-30T00:00:00.000000Z
csaf_files/OT/white/2022/icsa-22-242-05.json,2022-08-30T00:00:00.000000Z
csaf_files/OT/white/2022/icsa-22-242-04.json,2022-08-30T00:00:00.000000Z
csaf_files/OT/white/2022/icsa-22-242-03.json,2022-08-30T00:00:00.000000Z
csaf_files/OT/white/2022/icsa-22-242-02.json,2022-08-30T00:00:00.000000Z
csaf_files/OT/white/2022/icsa-22-242-01.json,2022-08-30T00:00:00.000000Z
csaf_files/OT/white/2022/icsa-22-237-01.json,2022-08-25T00:00:00.000000Z
csaf_files/OT/white/2022/icsa-22-235-07.json,2022-08-23T00:00:00.000000Z
csaf_files/OT/white/2022/icsa-22-235-06.json,2022-08-23T00:00:00.000000Z
csaf_files/OT/white/2022/icsa-22-235-05.json,2022-08-23T00:00:00.000000Z
csaf_files/OT/white/2022/icsa-22-235-03.json,2022-08-23T00:00:00.000000Z
csaf_files/OT/white/2022/icsa-22-235-02.json,2022-08-23T00:00:00.000000Z
csaf_files/OT/white/2022/icsa-22-235-01.json,2022-09-29T00:00:00.000000Z
csaf_files/OT/white/2022/icsa-22-228-07.json,2022-08-16T00:00:00.000000Z
csaf_files/OT/white/2022/icsa-22-228-06.json,2022-08-16T00:00:00.000000Z
csaf_files/OT/white/2022/icsa-22-228-05.json,2022-08-16T00:00:00.000000Z
csaf_files/OT/white/2022/icsa-22-228-04.json,2022-08-16T00:00:00.000000Z
csaf_files/OT/white/2022/icsa-22-228-03.json,2022-08-16T00:00:00.000000Z
csaf_files/OT/white/2022/icsa-22-228-02.json,2022-11-14T07:00:00.000000Z
csaf_files/OT/white/2022/icsa-22-228-01.json,2022-08-16T00:00:00.000000Z
csaf_files/OT/white/2022/icsa-22-223-07.json,2023-10-10T00:00:00.000000Z
csaf_files/OT/white/2022/icsa-22-223-06.json,2022-08-11T00:00:00.000000Z
csaf_files/OT/white/2022/icsa-22-223-05.json,2022-08-09T00:00:00.000000Z
csaf_files/OT/white/2022/icsa-22-223-04.json,2022-08-11T00:00:00.000000Z
csaf_files/OT/white/2022/icsa-22-223-03.json,2022-08-11T00:00:00.000000Z
csaf_files/OT/white/2022/icsa-22-223-02.json,2022-08-09T00:00:00.000000Z
csaf_files/OT/white/2022/icsa-22-223-01.json,2022-08-09T00:00:00.000000Z
csaf_files/OT/white/2022/icsa-22-221-03.json,2022-08-09T00:00:00.000000Z
csaf_files/OT/white/2022/icsa-22-221-02.json,2022-08-09T00:00:00.000000Z
csaf_files/OT/white/2022/icsa-22-221-01.json,2023-02-02T00:00:00.000000Z
csaf_files/OT/white/2022/icsa-22-216-01.json,2022-08-04T00:00:00.000000Z
csaf_files/OT/white/2022/icsa-22-209-01.json,2022-07-28T00:00:00.000000Z
csaf_files/OT/white/2022/icsa-22-207-04.json,2022-07-26T00:00:00.000000Z
csaf_files/OT/white/2022/icsa-22-207-03.json,2022-07-26T00:00:00.000000Z
csaf_files/OT/white/2022/icsa-22-207-02.json,2022-07-26T06:00:00.000000Z
csaf_files/OT/white/2022/icsa-22-207-01.json,2022-08-04T00:00:00.000000Z
csaf_files/OT/white/2022/icsa-22-202-05.json,2022-07-21T00:00:00.000000Z
csaf_files/OT/white/2022/icsa-22-202-04.json,2025-07-24T06:00:00.000000Z
csaf_files/OT/white/2022/icsa-22-202-03.json,2022-07-21T00:00:00.000000Z
csaf_files/OT/white/2022/icsa-22-202-02.json,2022-07-21T00:00:00.000000Z
csaf_files/OT/white/2022/icsa-22-202-01.json,2022-07-21T00:00:00.000000Z
csaf_files/OT/white/2022/icsa-22-200-01.json,2022-09-20T00:00:00.000000Z
csaf_files/OT/white/2022/icsa-22-195-18.json,2023-11-14T00:00:00.000000Z
csaf_files/OT/white/2022/icsa-22-195-17.json,2022-07-12T00:00:00.000000Z
csaf_files/OT/white/2022/icsa-22-195-16.json,2022-07-12T00:00:00.000000Z
csaf_files/OT/white/2022/icsa-22-195-15.json,2022-08-09T00:00:00.000000Z
csaf_files/OT/white/2022/icsa-22-195-14.json,2022-07-12T00:00:00.000000Z
csaf_files/OT/white/2022/icsa-22-195-13.json,2022-07-12T00:00:00.000000Z
csaf_files/OT/white/2022/icsa-22-195-12.json,2023-03-14T00:00:00.000000Z
csaf_files/OT/white/2022/icsa-22-195-11.json,2022-09-13T00:00:00.000000Z
csaf_files/OT/white/2022/icsa-22-195-10.json,2022-07-12T00:00:00.000000Z
csaf_files/OT/white/2022/icsa-22-195-09.json,2022-09-13T00:00:00.000000Z
csaf_files/OT/white/2022/icsa-22-195-08.json,2022-07-12T00:00:00.000000Z
csaf_files/OT/white/2022/icsa-22-195-07.json,2022-08-09T00:00:00.000000Z
csaf_files/OT/white/2022/icsa-22-195-06.json,2022-07-12T00:00:00.000000Z
csaf_files/OT/white/2022/icsa-22-195-05.json,2022-07-12T00:00:00.000000Z
csaf_files/OT/white/2022/icsa-22-195-04.json,2022-07-12T00:00:00.000000Z
csaf_files/OT/white/2022/icsa-22-195-03.json,2022-07-12T00:00:00.000000Z
csaf_files/OT/white/2022/icsa-22-195-02.json,2022-07-12T00:00:00.000000Z
csaf_files/OT/white/2022/icsa-22-195-01.json,2025-05-06T06:00:00.000000Z
csaf_files/OT/white/2022/icsa-22-193-01.json,2022-07-19T00:00:00.000000Z
csaf_files/OT/white/2022/icsa-22-188-02.json,2022-07-07T00:00:00.000000Z
csaf_files/OT/white/2022/icsa-22-188-01.json,2022-07-07T00:00:00.000000Z
csaf_files/OT/white/2022/icsa-22-181-04.json,2022-06-30T00:00:00.000000Z
csaf_files/OT/white/2022/icsa-22-181-03.json,2022-06-30T00:00:00.000000Z
csaf_files/OT/white/2022/icsa-22-181-02.json,2022-06-30T00:00:00.000000Z
csaf_files/OT/white/2022/icsa-22-181-01.json,2022-06-30T00:00:00.000000Z
csaf_files/OT/white/2022/icsa-22-179-06.json,2022-06-28T00:00:00.000000Z
csaf_files/OT/white/2022/icsa-22-179-05.json,2022-06-28T00:00:00.000000Z
csaf_files/OT/white/2022/icsa-22-179-04.json,2022-06-28T00:00:00.000000Z
csaf_files/OT/white/2022/icsa-22-179-03.json,2022-06-28T00:00:00.000000Z
csaf_files/OT/white/2022/icsa-22-179-02.json,2022-06-28T00:00:00.000000Z
csaf_files/OT/white/2022/icsa-22-179-01.json,2022-06-28T00:00:00.000000Z
csaf_files/OT/white/2022/icsa-22-174-05.json,2022-06-23T00:00:00.000000Z
csaf_files/OT/white/2022/icsa-22-174-04.json,2022-06-23T00:00:00.000000Z
csaf_files/OT/white/2022/icsa-22-174-03.json,2022-06-23T00:00:00.000000Z
csaf_files/OT/white/2022/icsa-22-174-02.json,2022-06-23T00:00:00.000000Z
csaf_files/OT/white/2022/icsa-22-174-01.json,2022-06-23T00:00:00.000000Z
csaf_files/OT/white/2022/icsa-22-172-06.json,2022-06-21T00:00:00.000000Z
csaf_files/OT/white/2022/icsa-22-172-05.json,2022-06-21T00:00:00.000000Z
csaf_files/OT/white/2022/icsa-22-172-04.json,2022-06-21T00:00:00.000000Z
csaf_files/OT/white/2022/icsa-22-172-03.json,2022-06-21T00:00:00.000000Z
csaf_files/OT/white/2022/icsa-22-172-02.json,2022-06-21T00:00:00.000000Z
csaf_files/OT/white/2022/icsa-22-172-01.json,2024-05-30T06:00:00.000000Z
csaf_files/OT/white/2022/icsa-22-167-17.json,2022-06-16T00:00:00.000000Z
csaf_files/OT/white/2022/icsa-22-167-16.json,2022-06-14T00:00:00.000000Z
csaf_files/OT/white/2022/icsa-22-167-15.json,2022-06-14T00:00:00.000000Z
csaf_files/OT/white/2022/icsa-22-167-14.json,2025-05-06T06:00:00.000000Z
csaf_files/OT/white/2022/icsa-22-167-13.json,2022-08-09T00:00:00.000000Z
csaf_files/OT/white/2022/icsa-22-167-12.json,2022-06-14T00:00:00.000000Z
csaf_files/OT/white/2022/icsa-22-167-11.json,2025-05-06T06:00:00.000000Z
csaf_files/OT/white/2022/icsa-22-167-10.json,2022-06-14T00:00:00.000000Z
csaf_files/OT/white/2022/icsa-22-167-09.json,2022-06-14T00:00:00.000000Z
csaf_files/OT/white/2022/icsa-22-167-08.json,2022-06-14T00:00:00.000000Z
csaf_files/OT/white/2022/icsa-22-167-07.json,2022-06-14T00:00:00.000000Z
csaf_files/OT/white/2022/icsa-22-167-06.json,2022-10-11T00:00:00.000000Z
csaf_files/OT/white/2022/icsa-22-167-05.json,2022-06-14T00:00:00.000000Z
csaf_files/OT/white/2022/icsa-22-167-04.json,2022-06-14T00:00:00.000000Z
csaf_files/OT/white/2022/icsa-22-167-03.json,2022-06-16T00:00:00.000000Z
csaf_files/OT/white/2022/icsa-22-167-02.json,2022-06-16T00:00:00.000000Z
csaf_files/OT/white/2022/icsa-22-167-01.json,2022-06-16T00:00:00.000000Z
csaf_files/OT/white/2022/icsa-22-165-03.json,2022-06-14T00:00:00.000000Z
csaf_files/OT/white/2022/icsa-22-165-02.json,2022-06-14T00:00:00.000000Z
csaf_files/OT/white/2022/icsa-22-165-01.json,2022-06-14T00:00:00.000000Z
csaf_files/OT/white/2022/icsa-22-160-01.json,2022-06-09T00:00:00.000000Z
csaf_files/OT/white/2022/icsa-22-154-01.json,2022-06-03T00:00:00.000000Z
csaf_files/OT/white/2022/icsa-22-153-02.json,2022-08-23T00:00:00.000000Z
csaf_files/OT/white/2022/icsa-22-153-01.json,2022-06-02T00:00:00.000000Z
csaf_files/OT/white/2022/icsa-22-151-01.json,2022-05-31T00:00:00.000000Z
csaf_files/OT/white/2022/icsa-22-146-02.json,2022-05-26T00:00:00.000000Z
csaf_files/OT/white/2022/icsa-22-146-01.json,2022-05-26T00:00:00.000000Z
csaf_files/OT/white/2022/icsa-22-144-02.json,2022-05-24T00:00:00.000000Z
csaf_files/OT/white/2022/icsa-22-144-01.json,2022-05-24T00:00:00.000000Z
csaf_files/OT/white/2022/icsa-22-139-01.json,2022-05-31T00:00:00.000000Z
csaf_files/OT/white/2022/icsa-22-137-01.json,2022-05-17T00:00:00.000000Z
csaf_files/OT/white/2022/icsa-22-132-16.json,2022-08-09T00:00:00.000000Z
csaf_files/OT/white/2022/icsa-22-132-15.json,2025-05-06T06:00:00.000000Z
csaf_files/OT/white/2022/icsa-22-132-14.json,2025-05-06T06:00:00.000000Z
csaf_files/OT/white/2022/icsa-22-132-13.json,2022-08-09T00:00:00.000000Z
csaf_files/OT/white/2022/icsa-22-132-12.json,2025-05-06T06:00:00.000000Z
csaf_files/OT/white/2022/icsa-22-132-11.json,2025-05-06T06:00:00.000000Z
csaf_files/OT/white/2022/icsa-22-132-10.json,2022-06-16T00:00:00.000000Z
csaf_files/OT/white/2022/icsa-22-132-09.json,2025-05-06T06:00:00.000000Z
csaf_files/OT/white/2022/icsa-22-132-08.json,2023-10-10T00:00:00.000000Z
csaf_files/OT/white/2022/icsa-22-132-07.json,2025-05-06T06:00:00.000000Z
csaf_files/OT/white/2022/icsa-22-132-06.json,2023-11-14T00:00:00.000000Z
csaf_files/OT/white/2022/icsa-22-132-05.json,2022-12-13T00:00:00.000000Z
csaf_files/OT/white/2022/icsa-22-132-04.json,2022-05-12T00:00:00.000000Z
csaf_files/OT/white/2022/icsa-22-132-03.json,2022-05-12T00:00:00.000000Z
csaf_files/OT/white/2022/icsa-22-132-02.json,2022-05-12T00:00:00.000000Z
csaf_files/OT/white/2022/icsa-22-132-01.json,2022-05-12T00:00:00.000000Z
csaf_files/OT/white/2022/icsa-22-130-06.json,2022-05-10T00:00:00.000000Z
csaf_files/OT/white/2022/icsa-22-130-05.json,2022-05-10T00:00:00.000000Z
csaf_files/OT/white/2022/icsa-22-130-04.json,2022-05-10T00:00:00.000000Z
csaf_files/OT/white/2022/icsa-22-130-03.json,2022-05-10T00:00:00.000000Z
csaf_files/OT/white/2022/icsa-22-130-02.json,2022-05-10T00:00:00.000000Z
csaf_files/OT/white/2022/icsa-22-130-01.json,2022-05-10T00:00:00.000000Z
csaf_files/OT/white/2022/icsa-22-125-01.json,2022-05-05T00:00:00.000000Z
csaf_files/OT/white/2022/icsa-22-123-01.json,2022-05-03T00:00:00.000000Z
csaf_files/OT/white/2022/icsa-22-118-01.json,2022-04-28T00:00:00.000000Z
csaf_files/OT/white/2022/icsa-22-116-01.json,2022-04-26T00:00:00.000000Z
csaf_files/OT/white/2022/icsa-22-111-03.json,2022-04-21T00:00:00.000000Z
csaf_files/OT/white/2022/icsa-22-111-02.json,2022-04-21T00:00:00.000000Z
csaf_files/OT/white/2022/icsa-22-111-01.json,2022-04-21T00:00:00.000000Z
csaf_files/OT/white/2022/icsa-22-109-05.json,2022-04-19T00:00:00.000000Z
csaf_files/OT/white/2022/icsa-22-109-04.json,2022-04-19T00:00:00.000000Z
csaf_files/OT/white/2022/icsa-22-109-03.json,2022-04-19T00:00:00.000000Z
csaf_files/OT/white/2022/icsa-22-109-02.json,2022-04-19T00:00:00.000000Z
csaf_files/OT/white/2022/icsa-22-109-01.json,2022-04-19T00:00:00.000000Z
csaf_files/OT/white/2022/icsa-22-104-17.json,2025-05-06T06:00:00.000000Z
csaf_files/OT/white/2022/icsa-22-104-16.json,2022-07-12T00:00:00.000000Z
csaf_files/OT/white/2022/icsa-22-104-15.json,2025-05-06T06:00:00.000000Z
csaf_files/OT/white/2022/icsa-22-104-14.json,2025-05-06T06:00:00.000000Z
csaf_files/OT/white/2022/icsa-22-104-12.json,2023-04-11T00:00:00.000000Z
csaf_files/OT/white/2022/icsa-22-104-11.json,2025-05-06T06:00:00.000000Z
csaf_files/OT/white/2022/icsa-22-104-10.json,2025-05-06T06:00:00.000000Z
csaf_files/OT/white/2022/icsa-22-104-09.json,2025-05-06T06:00:00.000000Z
csaf_files/OT/white/2022/icsa-22-104-08.json,2025-05-06T06:00:00.000000Z
csaf_files/OT/white/2022/icsa-22-104-07.json,2022-07-12T00:00:00.000000Z
csaf_files/OT/white/2022/icsa-22-104-06.json,2025-01-14T00:00:00.000000Z
csaf_files/OT/white/2022/icsa-22-104-05.json,2024-01-09T00:00:00.000000Z
csaf_files/OT/white/2022/icsa-22-104-04.json,2025-05-06T06:00:00.000000Z
csaf_files/OT/white/2022/icsa-22-104-03.json,2022-04-14T00:00:00.000000Z
csaf_files/OT/white/2022/icsa-22-104-02.json,2022-04-14T00:00:00.000000Z
csaf_files/OT/white/2022/icsa-22-104-01.json,2022-04-14T00:00:00.000000Z
csaf_files/OT/white/2022/icsa-22-102-05.json,2022-04-12T00:00:00.000000Z
csaf_files/OT/white/2022/icsa-22-102-04.json,2022-05-12T00:00:00.000000Z
csaf_files/OT/white/2022/icsa-22-102-03.json,2022-04-12T00:00:00.000000Z
csaf_files/OT/white/2022/icsa-22-102-02.json,2022-04-12T00:00:00.000000Z
csaf_files/OT/white/2022/icsa-22-102-01.json,2022-04-12T00:00:00.000000Z
csaf_files/OT/white/2022/icsa-22-097-02.json,2022-04-07T00:00:00.000000Z
csaf_files/OT/white/2022/icsa-22-097-01.json,2022-04-07T00:00:00.000000Z
csaf_files/OT/white/2022/icsa-22-095-02.json,2022-04-05T00:00:00.000000Z
csaf_files/OT/white/2022/icsa-22-095-01.json,2022-04-05T00:00:00.000000Z
csaf_files/OT/white/2022/icsa-22-090-07.json,2022-03-31T00:00:00.000000Z
csaf_files/OT/white/2022/icsa-22-090-06.json,2022-03-31T00:00:00.000000Z
csaf_files/OT/white/2022/icsa-22-090-05.json,2022-03-31T00:00:00.000000Z
csaf_files/OT/white/2022/icsa-22-090-04.json,2022-05-31T00:00:00.000000Z
csaf_files/OT/white/2022/icsa-22-090-03.json,2022-03-31T00:00:00.000000Z
csaf_files/OT/white/2022/icsa-22-090-02.json,2022-03-31T00:00:00.000000Z
csaf_files/OT/white/2022/icsa-22-090-01.json,2022-03-31T00:00:00.000000Z
csaf_files/OT/white/2022/icsa-22-088-04.json,2022-03-29T00:00:00.000000Z
csaf_files/OT/white/2022/icsa-22-088-03.json,2022-03-29T00:00:00.000000Z
csaf_files/OT/white/2022/icsa-22-088-02.json,2022-03-29T00:00:00.000000Z
csaf_files/OT/white/2022/icsa-22-088-01.json,2022-03-29T00:00:00.000000Z
csaf_files/OT/white/2022/icsa-22-083-02.json,2022-03-24T00:00:00.000000Z
csaf_files/OT/white/2022/icsa-22-083-01.json,2022-03-24T00:00:00.000000Z
csaf_files/OT/white/2022/icsa-22-081-01.json,2022-04-28T00:00:00.000000Z
csaf_files/OT/white/2022/icsa-22-074-01.json,2022-03-15T00:00:00.000000Z
csaf_files/OT/white/2022/icsa-22-069-13.json,2025-05-06T06:00:00.000000Z
csaf_files/OT/white/2022/icsa-22-069-12.json,2023-12-12T00:00:00.000000Z
csaf_files/OT/white/2022/icsa-22-069-11.json,2025-05-06T06:00:00.000000Z
csaf_files/OT/white/2022/icsa-22-069-10.json,2025-05-06T06:00:00.000000Z
csaf_files/OT/white/2022/icsa-22-069-09.json,2025-05-06T06:00:00.000000Z
csaf_files/OT/white/2022/icsa-22-069-08.json,2025-05-06T06:00:00.000000Z
csaf_files/OT/white/2022/icsa-22-069-07.json,2025-05-06T06:00:00.000000Z
csaf_files/OT/white/2022/icsa-22-069-06.json,2025-05-06T06:00:00.000000Z
csaf_files/OT/white/2022/icsa-22-069-05.json,2025-05-06T06:00:00.000000Z
csaf_files/OT/white/2022/icsa-22-069-04.json,2025-05-06T06:00:00.000000Z
csaf_files/OT/white/2022/icsa-22-069-03.json,2023-10-10T00:00:00.000000Z
csaf_files/OT/white/2022/icsa-22-069-02.json,2025-05-06T06:00:00.000000Z
csaf_files/OT/white/2022/icsa-22-069-01.json,2023-11-14T00:00:00.000000Z
csaf_files/OT/white/2022/icsa-22-067-02.json,2022-03-08T00:00:00.000000Z
csaf_files/OT/white/2022/icsa-22-067-01.json,2022-03-31T00:00:00.000000Z
csaf_files/OT/white/2022/icsa-22-063-01.json,2022-03-04T00:00:00.000000Z
csaf_files/OT/white/2022/icsa-22-062-01.json,2022-03-03T00:00:00.000000Z
csaf_files/OT/white/2022/icsa-22-055-03.json,2022-02-24T00:00:00.000000Z
csaf_files/OT/white/2022/icsa-22-055-02.json,2022-02-24T00:00:00.000000Z
csaf_files/OT/white/2022/icsa-22-055-01.json,2022-02-24T00:00:00.000000Z
csaf_files/OT/white/2022/icsa-22-053-03.json,2022-02-22T00:00:00.000000Z
csaf_files/OT/white/2022/icsa-22-053-02.json,2022-02-22T00:00:00.000000Z
csaf_files/OT/white/2022/icsa-22-053-01.json,2022-02-22T00:00:00.000000Z
csaf_files/OT/white/2022/icsa-22-046-01.json,2022-02-15T00:00:00.000000Z
csaf_files/OT/white/2022/icsa-22-041-07.json,2022-06-14T00:00:00.000000Z
csaf_files/OT/white/2022/icsa-22-041-06.json,2025-05-06T06:00:00.000000Z
csaf_files/OT/white/2022/icsa-22-041-05.json,2022-08-09T00:00:00.000000Z
csaf_files/OT/white/2022/icsa-22-041-04.json,2025-05-06T06:00:00.000000Z
csaf_files/OT/white/2022/icsa-22-041-03.json,2025-05-06T06:00:00.000000Z
csaf_files/OT/white/2022/icsa-22-041-02.json,2022-08-09T00:00:00.000000Z
csaf_files/OT/white/2022/icsa-22-041-01.json,2025-05-06T06:00:00.000000Z
csaf_files/OT/white/2022/icsa-22-034-02.json,2022-02-03T00:00:00.000000Z
csaf_files/OT/white/2022/icsa-22-034-01.json,2022-03-08T00:00:00.000000Z
csaf_files/OT/white/2022/icsa-22-032-02.json,2022-02-01T00:00:00.000000Z
csaf_files/OT/white/2022/icsa-22-032-01.json,2022-02-01T00:00:00.000000Z
csaf_files/OT/white/2022/icsa-22-025-01.json,2022-01-25T00:00:00.000000Z
csaf_files/OT/white/2022/icsa-22-020-01.json,2022-01-20T07:00:00.000000Z
csaf_files/OT/white/2022/icsa-22-013-07.json,2022-01-13T00:00:00.000000Z
csaf_files/OT/white/2022/icsa-22-013-06.json,2025-05-06T06:00:00.000000Z
csaf_files/OT/white/2022/icsa-22-013-05.json,2025-05-06T06:00:00.000000Z
csaf_files/OT/white/2022/icsa-22-013-04.json,2025-05-06T06:00:00.000000Z
csaf_files/OT/white/2022/icsa-22-013-03.json,2025-05-06T06:00:00.000000Z
csaf_files/OT/white/2022/icsa-22-013-02.json,2025-05-06T06:00:00.000000Z
csaf_files/OT/white/2022/icsa-22-013-01.json,2022-01-13T00:00:00.000000Z
csaf_files/OT/white/2022/icsa-22-011-01.json,2022-01-11T00:00:00.000000Z
csaf_files/OT/white/2022/icsa-22-006-03.json,2022-01-06T00:00:00.000000Z
csaf_files/OT/white/2022/icsa-22-006-02.json,2022-01-06T00:00:00.000000Z
csaf_files/OT/white/2022/icsa-22-006-01.json,2022-01-06T00:00:00.000000Z
csaf_files/OT/white/2021/icsma-21-355-01.json,2022-01-27T00:00:00.000000Z
csaf_files/OT/white/2021/icsma-21-343-01.json,2021-12-09T00:00:00.000000Z
csaf_files/OT/white/2021/icsma-21-322-02.json,2021-11-18T00:00:00.000000Z
csaf_files/OT/white/2021/icsma-21-322-01.json,2021-11-18T00:00:00.000000Z
csaf_files/OT/white/2021/icsma-21-313-01.json,2021-11-09T00:00:00.000000Z
csaf_files/OT/white/2021/icsma-21-308-01.json,2021-11-04T00:00:00.000000Z
csaf_files/OT/white/2021/icsma-21-294-01.json,2021-10-21T00:00:00.000000Z
csaf_files/OT/white/2021/icsma-21-273-01.json,2021-09-30T00:00:00.000000Z
csaf_files/OT/white/2021/icsma-21-215-01.json,2021-08-03T00:00:00.000000Z
csaf_files/OT/white/2021/icsma-21-196-01.json,2021-07-15T00:00:00.000000Z
csaf_files/OT/white/2021/icsma-21-187-01.json,2022-04-05T00:00:00.000000Z
csaf_files/OT/white/2021/icsma-21-175-01.json,2021-06-24T00:00:00.000000Z
csaf_files/OT/white/2021/icsma-21-161-01.json,2021-06-10T00:00:00.000000Z
csaf_files/OT/white/2021/icsma-21-152-01.json,2021-12-14T00:00:00.000000Z
csaf_files/OT/white/2021/icsma-21-084-01.json,2021-03-25T00:00:00.000000Z
csaf_files/OT/white/2021/icsma-21-047-01.json,2021-02-16T00:00:00.000000Z
csaf_files/OT/white/2021/icsma-21-019-01.json,2021-01-19T00:00:00.000000Z
csaf_files/OT/white/2021/icsma-21-012-01.json,2021-01-12T00:00:00.000000Z
csaf_files/OT/white/2021/icsma-21-007-01.json,2021-01-07T00:00:00.000000Z
csaf_files/OT/white/2021/icsa-21-357-02.json,2021-12-23T00:00:00.000000Z
csaf_files/OT/white/2021/icsa-21-357-01.json,2021-12-23T00:00:00.000000Z
csaf_files/OT/white/2021/icsa-21-355-04.json,2021-12-21T00:00:00.000000Z
csaf_files/OT/white/2021/icsa-21-355-03.json,2021-12-21T00:00:00.000000Z
csaf_files/OT/white/2021/icsa-21-355-02.json,2021-12-21T00:00:00.000000Z
csaf_files/OT/white/2021/icsa-21-355-01.json,2021-12-21T00:00:00.000000Z
csaf_files/OT/white/2021/icsa-21-350-20.json,2025-05-06T06:00:00.000000Z
csaf_files/OT/white/2021/icsa-21-350-19.json,2025-05-06T06:00:00.000000Z
csaf_files/OT/white/2021/icsa-21-350-18.json,2025-05-06T06:00:00.000000Z
csaf_files/OT/white/2021/icsa-21-350-17.json,2025-05-06T06:00:00.000000Z
csaf_files/OT/white/2021/icsa-21-350-16.json,2022-02-10T00:00:00.000000Z
csaf_files/OT/white/2021/icsa-21-350-15.json,2025-05-06T06:00:00.000000Z
csaf_files/OT/white/2021/icsa-21-350-14.json,2025-05-06T06:00:00.000000Z
csaf_files/OT/white/2021/icsa-21-350-13.json,2021-12-16T00:00:00.000000Z
csaf_files/OT/white/2021/icsa-21-350-12.json,2025-05-06T06:00:00.000000Z
csaf_files/OT/white/2021/icsa-21-350-11.json,2025-05-06T06:00:00.000000Z
csaf_files/OT/white/2021/icsa-21-350-10.json,2025-05-06T06:00:00.000000Z
csaf_files/OT/white/2021/icsa-21-350-09.json,2025-05-06T06:00:00.000000Z
csaf_files/OT/white/2021/icsa-21-350-08.json,2025-05-06T06:00:00.000000Z
csaf_files/OT/white/2021/icsa-21-350-07.json,2025-05-06T06:00:00.000000Z
csaf_files/OT/white/2021/icsa-21-350-06.json,2025-05-06T06:00:00.000000Z
csaf_files/OT/white/2021/icsa-21-350-05.json,2021-12-16T00:00:00.000000Z
csaf_files/OT/white/2021/icsa-21-350-04.json,2021-12-16T00:00:00.000000Z
csaf_files/OT/white/2021/icsa-21-350-03.json,2021-12-16T00:00:00.000000Z
csaf_files/OT/white/2021/icsa-21-350-02.json,2021-12-16T00:00:00.000000Z
csaf_files/OT/white/2021/icsa-21-350-01.json,2021-12-16T00:00:00.000000Z
csaf_files/OT/white/2021/icsa-21-348-02.json,2021-12-21T00:00:00.000000Z
csaf_files/OT/white/2021/icsa-21-348-01.json,2021-12-14T00:00:00.000000Z
csaf_files/OT/white/2021/icsa-21-343-02.json,2021-12-09T00:00:00.000000Z
csaf_files/OT/white/2021/icsa-21-343-01.json,2021-12-09T00:00:00.000000Z
csaf_files/OT/white/2021/icsa-21-341-02.json,2021-12-07T00:00:00.000000Z
csaf_files/OT/white/2021/icsa-21-341-01.json,2021-12-07T00:00:00.000000Z
csaf_files/OT/white/2021/icsa-21-336-08.json,2021-12-02T00:00:00.000000Z
csaf_files/OT/white/2021/icsa-21-336-07.json,2021-12-02T00:00:00.000000Z
csaf_files/OT/white/2021/icsa-21-336-06.json,2021-12-02T00:00:00.000000Z
csaf_files/OT/white/2021/icsa-21-336-05.json,2025-05-27T12:30:00.000000Z
csaf_files/OT/white/2021/icsa-21-336-04.json,2021-12-02T00:00:00.000000Z
csaf_files/OT/white/2021/icsa-21-336-03.json,2021-12-02T00:00:00.000000Z
csaf_files/OT/white/2021/icsa-21-336-02.json,2021-12-02T00:00:00.000000Z
csaf_files/OT/white/2021/icsa-21-336-01.json,2021-12-02T00:00:00.000000Z
csaf_files/OT/white/2021/icsa-21-334-05.json,2021-11-30T00:00:00.000000Z
csaf_files/OT/white/2021/icsa-21-334-04.json,2021-11-30T00:00:00.000000Z
csaf_files/OT/white/2021/icsa-21-334-03.json,2021-11-30T00:00:00.000000Z
csaf_files/OT/white/2021/icsa-21-334-02.json,2023-11-09T07:00:00.000000Z
csaf_files/OT/white/2021/icsa-21-334-01.json,2021-11-30T00:00:00.000000Z
csaf_files/OT/white/2021/icsa-21-320-02.json,2021-11-16T00:00:00.000000Z
csaf_files/OT/white/2021/icsa-21-320-01.json,2021-11-16T00:00:00.000000Z
csaf_files/OT/white/2021/icsa-21-315-13.json,2025-05-06T06:00:00.000000Z
csaf_files/OT/white/2021/icsa-21-315-12.json,2025-05-06T06:00:00.000000Z
csaf_files/OT/white/2021/icsa-21-315-11.json,2025-05-06T06:00:00.000000Z
csaf_files/OT/white/2021/icsa-21-315-10.json,2025-05-06T06:00:00.000000Z
csaf_files/OT/white/2021/icsa-21-315-09.json,2022-03-10T00:00:00.000000Z
csaf_files/OT/white/2021/icsa-21-315-08.json,2025-05-06T06:00:00.000000Z
csaf_files/OT/white/2021/icsa-21-315-07.json,2025-05-06T06:00:00.000000Z
csaf_files/OT/white/2021/icsa-21-315-06.json,2022-10-11T00:00:00.000000Z
csaf_files/OT/white/2021/icsa-21-315-05.json,2025-05-06T06:00:00.000000Z
csaf_files/OT/white/2021/icsa-21-315-04.json,2025-05-06T06:00:00.000000Z
csaf_files/OT/white/2021/icsa-21-315-03.json,2023-04-11T00:00:00.000000Z
csaf_files/OT/white/2021/icsa-21-315-02.json,2022-02-01T00:00:00.000000Z
csaf_files/OT/white/2021/icsa-21-315-01.json,2021-11-11T00:00:00.000000Z
csaf_files/OT/white/2021/icsa-21-313-06.json,2021-11-09T00:00:00.000000Z
csaf_files/OT/white/2021/icsa-21-313-05.json,2021-11-09T00:00:00.000000Z
csaf_files/OT/white/2021/icsa-21-313-04.json,2021-11-09T00:00:00.000000Z
csaf_files/OT/white/2021/icsa-21-313-03.json,2025-05-06T06:00:00.000000Z
csaf_files/OT/white/2021/icsa-21-313-02.json,2021-11-09T00:00:00.000000Z
csaf_files/OT/white/2021/icsa-21-313-01.json,2021-11-09T00:00:00.000000Z
csaf_files/OT/white/2021/icsa-21-308-02.json,2021-11-04T00:00:00.000000Z
csaf_files/OT/white/2021/icsa-21-308-01.json,2021-11-04T00:00:00.000000Z
csaf_files/OT/white/2021/icsa-21-306-01.json,2021-11-02T00:00:00.000000Z
csaf_files/OT/white/2021/icsa-21-301-01.json,2021-10-28T00:00:00.000000Z
csaf_files/OT/white/2021/icsa-21-299-01.json,2021-10-26T00:00:00.000000Z
csaf_files/OT/white/2021/icsa-21-294-03.json,2021-10-21T00:00:00.000000Z
csaf_files/OT/white/2021/icsa-21-294-02.json,2021-10-21T00:00:00.000000Z
csaf_files/OT/white/2021/icsa-21-294-01.json,2021-10-21T00:00:00.000000Z
csaf_files/OT/white/2021/icsa-21-292-02.json,2021-10-19T00:00:00.000000Z
csaf_files/OT/white/2021/icsa-21-292-01.json,2021-10-19T00:00:00.000000Z
csaf_files/OT/white/2021/icsa-21-287-09.json,2025-05-06T06:00:00.000000Z
csaf_files/OT/white/2021/icsa-21-287-08.json,2025-05-06T06:00:00.000000Z
csaf_files/OT/white/2021/icsa-21-287-07.json,2022-10-11T00:00:00.000000Z
csaf_files/OT/white/2021/icsa-21-287-06.json,2025-05-06T06:00:00.000000Z
csaf_files/OT/white/2021/icsa-21-287-05.json,2025-05-06T06:00:00.000000Z
csaf_files/OT/white/2021/icsa-21-287-04.json,2025-05-06T06:00:00.000000Z
csaf_files/OT/white/2021/icsa-21-287-03.json,2024-04-18T06:00:00.000000Z
csaf_files/OT/white/2021/icsa-21-287-02.json,2021-10-14T00:00:00.000000Z
csaf_files/OT/white/2021/icsa-21-287-01.json,2021-10-14T00:00:00.000000Z
csaf_files/OT/white/2021/icsa-21-285-03.json,2021-10-12T00:00:00.000000Z
csaf_files/OT/white/2021/icsa-21-285-02.json,2021-10-12T00:00:00.000000Z
csaf_files/OT/white/2021/icsa-21-285-01.json,2021-10-12T00:00:00.000000Z
csaf_files/OT/white/2021/icsa-21-280-07.json,2021-10-07T00:00:00.000000Z
csaf_files/OT/white/2021/icsa-21-280-06.json,2021-10-07T00:00:00.000000Z
csaf_files/OT/white/2021/icsa-21-280-05.json,2021-11-30T00:00:00.000000Z
csaf_files/OT/white/2021/icsa-21-280-04.json,2021-10-28T00:00:00.000000Z
csaf_files/OT/white/2021/icsa-21-280-03.json,2021-10-07T00:00:00.000000Z
csaf_files/OT/white/2021/icsa-21-280-02.json,2021-10-07T00:00:00.000000Z
csaf_files/OT/white/2021/icsa-21-280-01.json,2021-10-07T00:00:00.000000Z
csaf_files/OT/white/2021/icsa-21-278-04.json,2021-10-05T00:00:00.000000Z
csaf_files/OT/white/2021/icsa-21-278-03.json,2021-10-05T00:00:00.000000Z
csaf_files/OT/white/2021/icsa-21-278-02.json,2021-10-05T00:00:00.000000Z
csaf_files/OT/white/2021/icsa-21-278-01.json,2022-04-07T00:00:00.000000Z
csaf_files/OT/white/2021/icsa-21-266-02.json,2021-09-23T00:00:00.000000Z
csaf_files/OT/white/2021/icsa-21-266-01.json,2022-01-13T00:00:00.000000Z
csaf_files/OT/white/2021/icsa-21-259-02.json,2021-09-16T00:00:00.000000Z
csaf_files/OT/white/2021/icsa-21-259-01.json,2025-05-06T06:00:00.000000Z
csaf_files/OT/white/2021/icsa-21-257-23.json,2025-05-06T06:00:00.000000Z
csaf_files/OT/white/2021/icsa-21-257-22.json,2025-05-06T06:00:00.000000Z
csaf_files/OT/white/2021/icsa-21-257-21.json,2021-09-14T00:00:00.000000Z
csaf_files/OT/white/2021/icsa-21-257-20.json,2021-09-14T00:00:00.000000Z
csaf_files/OT/white/2021/icsa-21-257-19.json,2025-05-06T06:00:00.000000Z
csaf_files/OT/white/2021/icsa-21-257-18.json,2025-05-06T06:00:00.000000Z
csaf_files/OT/white/2021/icsa-21-257-17.json,2025-05-06T06:00:00.000000Z
csaf_files/OT/white/2021/icsa-21-257-16.json,2025-05-06T06:00:00.000000Z
csaf_files/OT/white/2021/icsa-21-257-15.json,2025-05-06T06:00:00.000000Z
csaf_files/OT/white/2021/icsa-21-257-14.json,2025-05-06T06:00:00.000000Z
csaf_files/OT/white/2021/icsa-21-257-13.json,2025-05-06T06:00:00.000000Z
csaf_files/OT/white/2021/icsa-21-257-12.json,2025-05-06T06:00:00.000000Z
csaf_files/OT/white/2021/icsa-21-257-11.json,2025-05-06T06:00:00.000000Z
csaf_files/OT/white/2021/icsa-21-257-10.json,2025-05-06T06:00:00.000000Z
csaf_files/OT/white/2021/icsa-21-257-09.json,2025-05-06T06:00:00.000000Z
csaf_files/OT/white/2021/icsa-21-257-08.json,2025-05-06T06:00:00.000000Z
csaf_files/OT/white/2021/icsa-21-257-07.json,2025-05-06T06:00:00.000000Z
csaf_files/OT/white/2021/icsa-21-257-06.json,2022-06-14T00:00:00.000000Z
csaf_files/OT/white/2021/icsa-21-257-05.json,2025-05-06T06:00:00.000000Z
csaf_files/OT/white/2021/icsa-21-257-04.json,2025-05-06T06:00:00.000000Z
csaf_files/OT/white/2021/icsa-21-257-03.json,2021-09-14T00:00:00.000000Z
csaf_files/OT/white/2021/icsa-21-257-02.json,2021-09-14T00:00:00.000000Z
csaf_files/OT/white/2021/icsa-21-257-01.json,2021-09-14T00:00:00.000000Z
csaf_files/OT/white/2021/icsa-21-252-03.json,2021-09-09T00:00:00.000000Z
csaf_files/OT/white/2021/icsa-21-252-02.json,2021-09-09T00:00:00.000000Z
csaf_files/OT/white/2021/icsa-21-252-01.json,2021-09-09T00:00:00.000000Z
csaf_files/OT/white/2021/icsa-21-250-02.json,2021-09-07T00:00:00.000000Z
csaf_files/OT/white/2021/icsa-21-250-01.json,2024-04-18T06:00:00.000000Z
csaf_files/OT/white/2021/icsa-21-245-03.json,2021-09-02T00:00:00.000000Z
csaf_files/OT/white/2021/icsa-21-245-02.json,2021-09-02T00:00:00.000000Z
csaf_files/OT/white/2021/icsa-21-245-01.json,2021-09-02T00:00:00.000000Z
csaf_files/OT/white/2021/icsa-21-243-02.json,2022-02-03T00:00:00.000000Z
csaf_files/OT/white/2021/icsa-21-238-04.json,2021-10-28T00:00:00.000000Z
csaf_files/OT/white/2021/icsa-21-238-03.json,2022-03-22T00:00:00.000000Z
csaf_files/OT/white/2021/icsa-21-238-02.json,2021-08-26T00:00:00.000000Z
csaf_files/OT/white/2021/icsa-21-238-01.json,2021-08-26T00:00:00.000000Z
csaf_files/OT/white/2021/icsa-21-236-03.json,2021-08-24T00:00:00.000000Z
csaf_files/OT/white/2021/icsa-21-236-02.json,2021-08-24T00:00:00.000000Z
csaf_files/OT/white/2021/icsa-21-236-01.json,2021-08-24T00:00:00.000000Z
csaf_files/OT/white/2021/icsa-21-231-02.json,2022-02-24T00:00:00.000000Z
csaf_files/OT/white/2021/icsa-21-231-01.json,2021-08-19T00:00:00.000000Z
csaf_files/OT/white/2021/icsa-21-229-03.json,2021-08-17T00:00:00.000000Z
csaf_files/OT/white/2021/icsa-21-229-02.json,2021-08-17T00:00:00.000000Z
csaf_files/OT/white/2021/icsa-21-229-01.json,2021-08-17T00:00:00.000000Z
csaf_files/OT/white/2021/icsa-21-224-02.json,2021-08-12T00:00:00.000000Z
csaf_files/OT/white/2021/icsa-21-224-01.json,2021-08-12T00:00:00.000000Z
csaf_files/OT/white/2021/icsa-21-222-09.json,2025-05-06T06:00:00.000000Z
csaf_files/OT/white/2021/icsa-21-222-08.json,2021-08-10T00:00:00.000000Z
csaf_files/OT/white/2021/icsa-21-222-07.json,2022-06-14T00:00:00.000000Z
csaf_files/OT/white/2021/icsa-21-222-06.json,2025-05-06T06:00:00.000000Z
csaf_files/OT/white/2021/icsa-21-222-05.json,2024-02-13T00:00:00.000000Z
csaf_files/OT/white/2021/icsa-21-222-04.json,2025-05-06T06:00:00.000000Z
csaf_files/OT/white/2021/icsa-21-222-03.json,2025-05-06T06:00:00.000000Z
csaf_files/OT/white/2021/icsa-21-222-02.json,2025-05-06T06:00:00.000000Z
csaf_files/OT/white/2021/icsa-21-222-01.json,2025-05-06T06:00:00.000000Z
csaf_files/OT/white/2021/icsa-21-217-04.json,2021-08-05T00:00:00.000000Z
csaf_files/OT/white/2021/icsa-21-217-03.json,2021-08-05T00:00:00.000000Z
csaf_files/OT/white/2021/icsa-21-217-02.json,2021-08-05T00:00:00.000000Z
csaf_files/OT/white/2021/icsa-21-217-01.json,2021-12-16T00:00:00.000000Z
csaf_files/OT/white/2021/icsa-21-210-02.json,2025-05-06T06:00:00.000000Z
csaf_files/OT/white/2021/icsa-21-210-01.json,2021-07-29T00:00:00.000000Z
csaf_files/OT/white/2021/icsa-21-208-05.json,2021-07-27T00:00:00.000000Z
csaf_files/OT/white/2021/icsa-21-208-04.json,2021-07-27T00:00:00.000000Z
csaf_files/OT/white/2021/icsa-21-208-03.json,2021-07-27T00:00:00.000000Z
csaf_files/OT/white/2021/icsa-21-208-02.json,2021-07-27T00:00:00.000000Z
csaf_files/OT/white/2021/icsa-21-208-01.json,2021-07-27T00:00:00.000000Z
csaf_files/OT/white/2021/icsa-21-201-01.json,2021-07-20T00:00:00.000000Z
csaf_files/OT/white/2021/icsa-21-194-17.json,2025-05-06T06:00:00.000000Z
csaf_files/OT/white/2021/icsa-21-194-16.json,2025-05-06T06:00:00.000000Z
csaf_files/OT/white/2021/icsa-21-194-15.json,2021-07-13T00:00:00.000000Z
csaf_files/OT/white/2021/icsa-21-194-14.json,2025-05-06T06:00:00.000000Z
csaf_files/OT/white/2021/icsa-21-194-13.json,2021-09-14T00:00:00.000000Z
csaf_files/OT/white/2021/icsa-21-194-12.json,2022-05-12T00:00:00.000000Z
csaf_files/OT/white/2021/icsa-21-194-11.json,2025-05-06T06:00:00.000000Z
csaf_files/OT/white/2021/icsa-21-194-10.json,2025-05-13T00:00:00.000000Z
csaf_files/OT/white/2021/icsa-21-194-09.json,2025-05-06T06:00:00.000000Z
csaf_files/OT/white/2021/icsa-21-194-08.json,2025-05-06T06:00:00.000000Z
csaf_files/OT/white/2021/icsa-21-194-07.json,2023-03-14T00:00:00.000000Z
csaf_files/OT/white/2021/icsa-21-194-06.json,2022-08-09T00:00:00.000000Z
csaf_files/OT/white/2021/icsa-21-194-05.json,2025-05-06T06:00:00.000000Z
csaf_files/OT/white/2021/icsa-21-194-04.json,2025-05-06T06:00:00.000000Z
csaf_files/OT/white/2021/icsa-21-194-03.json,2024-12-10T00:00:00.000000Z
csaf_files/OT/white/2021/icsa-21-194-02.json,2021-07-27T00:00:00.000000Z
csaf_files/OT/white/2021/icsa-21-194-01.json,2021-07-13T00:00:00.000000Z
csaf_files/OT/white/2021/icsa-21-189-02.json,2021-07-08T00:00:00.000000Z
csaf_files/OT/white/2021/icsa-21-189-01.json,2021-07-08T00:00:00.000000Z
csaf_files/OT/white/2021/icsa-21-187-01.json,2021-07-06T00:00:00.000000Z
csaf_files/OT/white/2021/icsa-21-182-05.json,2021-07-01T00:00:00.000000Z
csaf_files/OT/white/2021/icsa-21-182-04.json,2021-07-01T00:00:00.000000Z
csaf_files/OT/white/2021/icsa-21-182-03.json,2022-09-29T00:00:00.000000Z
csaf_files/OT/white/2021/icsa-21-182-02.json,2021-08-12T00:00:00.000000Z
csaf_files/OT/white/2021/icsa-21-182-01.json,2021-07-01T00:00:00.000000Z
csaf_files/OT/white/2021/icsa-21-180-06.json,2021-06-29T00:00:00.000000Z
csaf_files/OT/white/2021/icsa-21-180-05.json,2021-07-27T00:00:00.000000Z
csaf_files/OT/white/2021/icsa-21-180-04.json,2021-06-29T00:00:00.000000Z
csaf_files/OT/white/2021/icsa-21-180-03.json,2021-06-29T00:00:00.000000Z
csaf_files/OT/white/2021/icsa-21-180-02.json,2021-06-29T00:00:00.000000Z
csaf_files/OT/white/2021/icsa-21-180-01.json,2021-06-29T00:00:00.000000Z
csaf_files/OT/white/2021/icsa-21-175-01.json,2021-06-24T00:00:00.000000Z
csaf_files/OT/white/2021/icsa-21-173-04.json,2021-06-22T00:00:00.000000Z
csaf_files/OT/white/2021/icsa-21-173-03.json,2021-06-22T00:00:00.000000Z
csaf_files/OT/white/2021/icsa-21-173-02.json,2021-06-22T00:00:00.000000Z
csaf_files/OT/white/2021/icsa-21-173-01.json,2021-11-09T00:00:00.000000Z
csaf_files/OT/white/2021/icsa-21-168-03.json,2021-08-24T00:00:00.000000Z
csaf_files/OT/white/2021/icsa-21-168-02.json,2021-06-17T00:00:00.000000Z
csaf_files/OT/white/2021/icsa-21-168-01.json,2021-06-17T00:00:00.000000Z
csaf_files/OT/white/2021/icsa-21-166-02.json,2021-06-15T00:00:00.000000Z
csaf_files/OT/white/2021/icsa-21-166-01.json,2021-06-15T00:00:00.000000Z
csaf_files/OT/white/2021/icsa-21-161-02.json,2021-06-10T00:00:00.000000Z
csaf_files/OT/white/2021/icsa-21-161-01.json,2021-06-10T00:00:00.000000Z
csaf_files/OT/white/2021/icsa-21-159-14.json,2025-05-06T06:00:00.000000Z
csaf_files/OT/white/2021/icsa-21-159-13.json,2025-05-06T06:00:00.000000Z
csaf_files/OT/white/2021/icsa-21-159-12.json,2025-05-06T06:00:00.000000Z
csaf_files/OT/white/2021/icsa-21-159-11.json,2025-05-06T06:00:00.000000Z
csaf_files/OT/white/2021/icsa-21-159-10.json,2025-05-06T06:00:00.000000Z
csaf_files/OT/white/2021/icsa-21-159-09.json,2025-05-06T06:00:00.000000Z
csaf_files/OT/white/2021/icsa-21-159-08.json,2025-05-06T06:00:00.000000Z
csaf_files/OT/white/2021/icsa-21-159-07.json,2025-05-06T06:00:00.000000Z
csaf_files/OT/white/2021/icsa-21-159-06.json,2021-06-08T00:00:00.000000Z
csaf_files/OT/white/2021/icsa-21-159-05.json,2021-06-08T00:00:00.000000Z
csaf_files/OT/white/2021/icsa-21-159-04.json,2021-06-08T00:00:00.000000Z
csaf_files/OT/white/2021/icsa-21-159-03.json,2021-06-08T00:00:00.000000Z
csaf_files/OT/white/2021/icsa-21-159-02.json,2021-06-08T06:00:00.000000Z
csaf_files/OT/white/2021/icsa-21-159-01.json,2021-06-08T00:00:00.000000Z
csaf_files/OT/white/2021/icsa-21-154-01.json,2021-06-03T00:00:00.000000Z
csaf_files/OT/white/2021/icsa-21-152-01.json,2025-05-06T06:00:00.000000Z
csaf_files/OT/white/2021/icsa-21-147-05.json,2021-05-27T00:00:00.000000Z
csaf_files/OT/white/2021/icsa-21-147-04.json,2021-05-27T00:00:00.000000Z
csaf_files/OT/white/2021/icsa-21-147-03.json,2021-05-27T00:00:00.000000Z
csaf_files/OT/white/2021/icsa-21-147-02.json,2021-05-27T00:00:00.000000Z
csaf_files/OT/white/2021/icsa-21-147-01.json,2021-05-27T00:00:00.000000Z
csaf_files/OT/white/2021/icsa-21-145-02.json,2021-05-25T00:00:00.000000Z
csaf_files/OT/white/2021/icsa-21-145-01.json,2021-05-25T00:00:00.000000Z
csaf_files/OT/white/2021/icsa-21-138-01.json,2021-05-18T00:00:00.000000Z
csaf_files/OT/white/2021/icsa-21-133-04.json,2021-05-13T00:00:00.000000Z
csaf_files/OT/white/2021/icsa-21-133-03.json,2021-05-13T00:00:00.000000Z
csaf_files/OT/white/2021/icsa-21-133-02.json,2021-05-13T00:00:00.000000Z
csaf_files/OT/white/2021/icsa-21-133-01.json,2021-05-13T00:00:00.000000Z
csaf_files/OT/white/2021/icsa-21-131-15.json,2025-05-06T06:00:00.000000Z
csaf_files/OT/white/2021/icsa-21-131-14.json,2025-05-06T06:00:00.000000Z
csaf_files/OT/white/2021/icsa-21-131-13.json,2021-08-10T00:00:00.000000Z
csaf_files/OT/white/2021/icsa-21-131-12.json,2025-05-06T06:00:00.000000Z
csaf_files/OT/white/2021/icsa-21-131-11.json,2025-05-06T06:00:00.000000Z
csaf_files/OT/white/2021/icsa-21-131-10.json,2025-05-06T06:00:00.000000Z
csaf_files/OT/white/2021/icsa-21-131-09.json,2025-05-06T06:00:00.000000Z
csaf_files/OT/white/2021/icsa-21-131-08.json,2025-05-06T06:00:00.000000Z
csaf_files/OT/white/2021/icsa-21-131-07.json,2025-05-06T06:00:00.000000Z
csaf_files/OT/white/2021/icsa-21-131-06.json,2025-05-06T06:00:00.000000Z
csaf_files/OT/white/2021/icsa-21-131-05.json,2025-05-06T06:00:00.000000Z
csaf_files/OT/white/2021/icsa-21-131-04.json,2025-05-06T06:00:00.000000Z
csaf_files/OT/white/2021/icsa-21-131-03.json,2023-03-14T00:00:00.000000Z
csaf_files/OT/white/2021/icsa-21-131-02.json,2022-01-20T00:00:00.000000Z
csaf_files/OT/white/2021/icsa-21-131-01.json,2021-05-11T00:00:00.000000Z
csaf_files/OT/white/2021/icsa-21-124-02.json,2021-05-04T00:00:00.000000Z
csaf_files/OT/white/2021/icsa-21-124-01.json,2021-05-04T00:00:00.000000Z
csaf_files/OT/white/2021/icsa-21-119-04.json,2022-04-19T00:00:00.000000Z
csaf_files/OT/white/2021/icsa-21-119-03.json,2021-04-29T00:00:00.000000Z
csaf_files/OT/white/2021/icsa-21-119-02.json,2021-04-29T00:00:00.000000Z
csaf_files/OT/white/2021/icsa-21-119-01.json,2021-04-29T00:00:00.000000Z
csaf_files/OT/white/2021/icsa-21-112-02.json,2021-07-27T00:00:00.000000Z
csaf_files/OT/white/2021/icsa-21-112-01.json,2021-04-22T00:00:00.000000Z
csaf_files/OT/white/2021/icsa-21-110-07.json,2025-05-06T06:00:00.000000Z
csaf_files/OT/white/2021/icsa-21-110-06.json,2021-04-20T00:00:00.000000Z
csaf_files/OT/white/2021/icsa-21-110-05.json,2021-04-20T00:00:00.000000Z
csaf_files/OT/white/2021/icsa-21-110-04.json,2021-04-20T00:00:00.000000Z
csaf_files/OT/white/2021/icsa-21-110-03.json,2021-04-20T00:00:00.000000Z
csaf_files/OT/white/2021/icsa-21-110-02.json,2021-04-20T00:00:00.000000Z
csaf_files/OT/white/2021/icsa-21-110-01.json,2021-04-20T00:00:00.000000Z
csaf_files/OT/white/2021/icsa-21-105-02.json,2021-04-15T00:00:00.000000Z
csaf_files/OT/white/2021/icsa-21-105-01.json,2021-04-15T00:00:00.000000Z
csaf_files/OT/white/2021/icsa-21-103-15.json,2025-05-06T06:00:00.000000Z
csaf_files/OT/white/2021/icsa-21-103-14.json,2025-05-06T06:00:00.000000Z
csaf_files/OT/white/2021/icsa-21-103-13.json,2025-05-06T06:00:00.000000Z
csaf_files/OT/white/2021/icsa-21-103-12.json,2025-05-06T06:00:00.000000Z
csaf_files/OT/white/2021/icsa-21-103-11.json,2025-06-10T00:00:00.000000Z
csaf_files/OT/white/2021/icsa-21-103-10.json,2021-04-13T00:00:00.000000Z
csaf_files/OT/white/2021/icsa-21-103-09.json,2023-12-12T00:00:00.000000Z
csaf_files/OT/white/2021/icsa-21-103-08.json,2025-05-06T06:00:00.000000Z
csaf_files/OT/white/2021/icsa-21-103-07.json,2025-05-06T06:00:00.000000Z
csaf_files/OT/white/2021/icsa-21-103-06.json,2025-05-06T06:00:00.000000Z
csaf_files/OT/white/2021/icsa-21-103-05.json,2025-03-11T00:00:00.000000Z
csaf_files/OT/white/2021/icsa-21-103-04.json,2025-05-06T06:00:00.000000Z
csaf_files/OT/white/2021/icsa-21-103-03.json,2021-04-13T00:00:00.000000Z
csaf_files/OT/white/2021/icsa-21-103-02.json,2021-04-13T00:00:00.000000Z
csaf_files/OT/white/2021/icsa-21-103-01.json,2021-04-13T00:00:00.000000Z
csaf_files/OT/white/2021/icsa-21-098-01.json,2021-04-08T00:00:00.000000Z
csaf_files/OT/white/2021/icsa-21-096-01.json,2021-04-20T00:00:00.000000Z
csaf_files/OT/white/2021/icsa-21-091-01.json,2021-04-01T00:00:00.000000Z
csaf_files/OT/white/2021/icsa-21-082-03.json,2021-03-23T00:00:00.000000Z
csaf_files/OT/white/2021/icsa-21-082-02.json,2021-03-23T00:00:00.000000Z
csaf_files/OT/white/2021/icsa-21-082-01.json,2021-03-23T00:00:00.000000Z
csaf_files/OT/white/2021/icsa-21-077-03.json,2021-03-18T00:00:00.000000Z
csaf_files/OT/white/2021/icsa-21-077-02.json,2021-03-18T00:00:00.000000Z
csaf_files/OT/white/2021/icsa-21-077-01.json,2021-03-18T00:00:00.000000Z
csaf_files/OT/white/2021/icsa-21-075-03.json,2021-03-16T00:00:00.000000Z
csaf_files/OT/white/2021/icsa-21-075-02.json,2021-03-16T00:00:00.000000Z
csaf_files/OT/white/2021/icsa-21-075-01.json,2021-03-16T00:00:00.000000Z
csaf_files/OT/white/2021/icsa-21-070-01.json,2021-03-11T00:00:00.000000Z
csaf_files/OT/white/2021/icsa-21-068-10.json,2021-03-09T00:00:00.000000Z
csaf_files/OT/white/2021/icsa-21-068-09.json,2025-05-06T06:00:00.000000Z
csaf_files/OT/white/2021/icsa-21-068-08.json,2021-03-09T00:00:00.000000Z
csaf_files/OT/white/2021/icsa-21-068-07.json,2021-03-09T00:00:00.000000Z
csaf_files/OT/white/2021/icsa-21-068-06.json,2025-05-06T06:00:00.000000Z
csaf_files/OT/white/2021/icsa-21-068-05.json,2024-10-08T00:00:00.000000Z
csaf_files/OT/white/2021/icsa-21-068-04.json,2021-03-09T00:00:00.000000Z
csaf_files/OT/white/2021/icsa-21-068-03.json,2025-05-06T06:00:00.000000Z
csaf_files/OT/white/2021/icsa-21-068-02.json,2025-05-06T06:00:00.000000Z
csaf_files/OT/white/2021/icsa-21-068-01.json,2021-03-09T00:00:00.000000Z
csaf_files/OT/white/2021/icsa-21-063-02.json,2021-03-04T00:00:00.000000Z
csaf_files/OT/white/2021/icsa-21-063-01.json,2021-03-04T00:00:00.000000Z
csaf_files/OT/white/2021/icsa-21-061-03.json,2021-03-02T00:00:00.000000Z
csaf_files/OT/white/2021/icsa-21-061-02.json,2021-03-23T00:00:00.000000Z
csaf_files/OT/white/2021/icsa-21-061-01.json,2021-03-02T00:00:00.000000Z
csaf_files/OT/white/2021/icsa-21-056-04.json,2021-02-25T00:00:00.000000Z
csaf_files/OT/white/2021/icsa-21-056-03.json,2021-03-18T00:00:00.000000Z
csaf_files/OT/white/2021/icsa-21-056-02.json,2021-02-25T00:00:00.000000Z
csaf_files/OT/white/2021/icsa-21-056-01.json,2021-02-25T00:00:00.000000Z
csaf_files/OT/white/2021/icsa-21-054-04.json,2021-09-23T00:00:00.000000Z
csaf_files/OT/white/2021/icsa-21-054-03.json,2021-02-23T00:00:00.000000Z
csaf_files/OT/white/2021/icsa-21-054-02.json,2021-02-23T00:00:00.000000Z
csaf_files/OT/white/2021/icsa-21-054-01.json,2021-02-23T00:00:00.000000Z
csaf_files/OT/white/2021/icsa-21-049-02.json,2025-06-05T06:00:00.000000Z
csaf_files/OT/white/2021/icsa-21-049-01.json,2021-02-18T00:00:00.000000Z
csaf_files/OT/white/2021/icsa-21-047-02.json,2021-02-16T00:00:00.000000Z
csaf_files/OT/white/2021/icsa-21-047-01.json,2025-05-06T06:00:00.000000Z
csaf_files/OT/white/2021/icsa-21-042-02.json,2021-02-11T00:00:00.000000Z
csaf_files/OT/white/2021/icsa-21-042-01.json,2021-11-11T00:00:00.000000Z
csaf_files/OT/white/2021/icsa-21-040-10.json,2021-02-09T00:00:00.000000Z
csaf_files/OT/white/2021/icsa-21-040-09.json,2021-02-09T00:00:00.000000Z
csaf_files/OT/white/2021/icsa-21-040-08.json,2021-05-11T00:00:00.000000Z
csaf_files/OT/white/2021/icsa-21-040-07.json,2021-02-09T00:00:00.000000Z
csaf_files/OT/white/2021/icsa-21-040-06.json,2025-05-06T06:00:00.000000Z
csaf_files/OT/white/2021/icsa-21-040-05.json,2025-05-06T06:00:00.000000Z
csaf_files/OT/white/2021/icsa-21-040-04.json,2021-02-09T00:00:00.000000Z
csaf_files/OT/white/2021/icsa-21-040-03.json,2021-02-09T00:00:00.000000Z
csaf_files/OT/white/2021/icsa-21-040-02.json,2021-02-09T00:00:00.000000Z
csaf_files/OT/white/2021/icsa-21-040-01.json,2021-02-09T00:00:00.000000Z
csaf_files/OT/white/2021/icsa-21-035-02.json,2021-02-04T00:00:00.000000Z
csaf_files/OT/white/2021/icsa-21-035-01.json,2021-03-09T00:00:00.000000Z
csaf_files/OT/white/2021/icsa-21-033-02.json,2021-01-28T00:00:00.000000Z
csaf_files/OT/white/2021/icsa-21-033-01.json,2021-03-23T00:00:00.000000Z
csaf_files/OT/white/2021/icsa-21-028-01.json,2021-01-28T00:00:00.000000Z
csaf_files/OT/white/2021/icsa-21-026-02.json,2021-07-01T00:00:00.000000Z
csaf_files/OT/white/2021/icsa-21-026-01.json,2021-01-26T00:00:00.000000Z
csaf_files/OT/white/2021/icsa-21-021-05.json,2021-06-17T00:00:00.000000Z
csaf_files/OT/white/2021/icsa-21-021-04.json,2021-05-18T00:00:00.000000Z
csaf_files/OT/white/2021/icsa-21-021-03.json,2021-01-21T00:00:00.000000Z
csaf_files/OT/white/2021/icsa-21-021-02.json,2021-01-21T00:00:00.000000Z
csaf_files/OT/white/2021/icsa-21-021-01.json,2021-01-21T00:00:00.000000Z
csaf_files/OT/white/2021/icsa-21-019-02.json,2021-01-19T00:00:00.000000Z
csaf_files/OT/white/2021/icsa-21-019-01.json,2025-05-06T06:00:00.000000Z
csaf_files/OT/white/2021/icsa-21-012-05.json,2025-05-06T06:00:00.000000Z
csaf_files/OT/white/2021/icsa-21-012-04.json,2021-01-15T00:00:00.000000Z
csaf_files/OT/white/2021/icsa-21-012-03.json,2021-05-27T00:00:00.000000Z
csaf_files/OT/white/2021/icsa-21-012-02.json,2022-12-13T00:00:00.000000Z
csaf_files/OT/white/2021/icsa-21-012-01.json,2021-02-18T00:00:00.000000Z
csaf_files/OT/white/2021/icsa-21-007-04.json,2021-01-07T00:00:00.000000Z
csaf_files/OT/white/2021/icsa-21-007-03.json,2021-01-26T00:00:00.000000Z
csaf_files/OT/white/2021/icsa-21-007-02.json,2021-01-07T00:00:00.000000Z
csaf_files/OT/white/2021/icsa-21-007-01.json,2021-01-07T00:00:00.000000Z
csaf_files/OT/white/2021/icsa-21-005-06.json,2021-01-05T00:00:00.000000Z
csaf_files/OT/white/2021/icsa-21-005-05.json,2021-01-05T00:00:00.000000Z
csaf_files/OT/white/2021/icsa-21-005-04.json,2021-01-05T00:00:00.000000Z
csaf_files/OT/white/2021/icsa-21-005-03.json,2021-01-05T00:00:00.000000Z
csaf_files/OT/white/2021/icsa-21-005-02.json,2021-01-05T00:00:00.000000Z
csaf_files/OT/white/2021/icsa-21-005-01.json,2021-01-05T00:00:00.000000Z
csaf_files/OT/white/2020/icsma-20-345-01.json,2020-12-08T00:00:00.000000Z
csaf_files/OT/white/2020/icsma-20-343-01.json,2020-12-08T00:00:00.000000Z
csaf_files/OT/white/2020/icsma-20-317-01.json,2020-11-12T00:00:00.000000Z
csaf_files/OT/white/2020/icsma-20-296-02.json,2020-10-22T00:00:00.000000Z
csaf_files/OT/white/2020/icsma-20-296-01.json,2020-10-22T00:00:00.000000Z
csaf_files/OT/white/2020/icsma-20-261-01.json,2020-09-17T00:00:00.000000Z
csaf_files/OT/white/2020/icsma-20-254-01.json,2023-12-14T07:00:00.000000Z
csaf_files/OT/white/2020/icsma-20-233-01.json,2020-08-20T00:00:00.000000Z
csaf_files/OT/white/2020/icsma-20-212-01.json,2020-07-30T00:00:00.000000Z
csaf_files/OT/white/2020/icsma-20-196-01.json,2020-10-20T00:00:00.000000Z
csaf_files/OT/white/2020/icsma-20-184-01.json,2021-06-15T00:00:00.000000Z
csaf_files/OT/white/2020/icsma-20-177-01.json,2020-06-25T00:00:00.000000Z
csaf_files/OT/white/2020/icsma-20-170-06.json,2020-06-23T00:00:00.000000Z
csaf_files/OT/white/2020/icsma-20-170-05.json,2020-06-18T00:00:00.000000Z
csaf_files/OT/white/2020/icsma-20-170-04.json,2020-06-23T00:00:00.000000Z
csaf_files/OT/white/2020/icsma-20-170-03.json,2020-06-23T00:00:00.000000Z
csaf_files/OT/white/2020/icsma-20-170-02.json,2020-07-14T00:00:00.000000Z
csaf_files/OT/white/2020/icsma-20-170-01.json,2020-06-23T00:00:00.000000Z
csaf_files/OT/white/2020/icsma-20-163-01.json,2020-06-11T00:00:00.000000Z
csaf_files/OT/white/2020/icsma-20-091-01.json,2020-03-31T00:00:00.000000Z
csaf_files/OT/white/2020/icsma-20-079-01.json,2020-03-19T00:00:00.000000Z
csaf_files/OT/white/2020/icsma-20-049-02.json,2024-05-16T06:00:00.000000Z
csaf_files/OT/white/2020/icsma-20-049-01.json,2020-02-18T00:00:00.000000Z
csaf_files/OT/white/2020/icsma-20-023-01.json,2020-01-23T00:00:00.000000Z
csaf_files/OT/white/2020/icsa-20-353-01.json,2021-01-26T00:00:00.000000Z
csaf_files/OT/white/2020/icsa-20-352-03.json,2020-12-17T00:00:00.000000Z
csaf_files/OT/white/2020/icsa-20-352-02.json,2021-01-05T00:00:00.000000Z
csaf_files/OT/white/2020/icsa-20-352-01.json,2020-12-17T00:00:00.000000Z
csaf_files/OT/white/2020/icsa-20-345-02.json,2020-12-10T00:00:00.000000Z
csaf_files/OT/white/2020/icsa-20-345-01.json,2020-12-10T00:00:00.000000Z
csaf_files/OT/white/2020/icsa-20-343-10.json,2020-12-08T00:00:00.000000Z
csaf_files/OT/white/2020/icsa-20-343-09.json,2020-12-08T00:00:00.000000Z
csaf_files/OT/white/2020/icsa-20-343-08.json,2025-05-06T06:00:00.000000Z
csaf_files/OT/white/2020/icsa-20-343-07.json,2020-12-08T00:00:00.000000Z
csaf_files/OT/white/2020/icsa-20-343-06.json,2020-12-08T00:00:00.000000Z
csaf_files/OT/white/2020/icsa-20-343-05.json,2025-05-06T06:00:00.000000Z
csaf_files/OT/white/2020/icsa-20-343-04.json,2020-12-08T00:00:00.000000Z
csaf_files/OT/white/2020/icsa-20-343-03.json,2020-12-08T00:00:00.000000Z
csaf_files/OT/white/2020/icsa-20-343-02.json,2022-01-20T00:00:00.000000Z
csaf_files/OT/white/2020/icsa-20-343-01.json,2020-12-08T00:00:00.000000Z
csaf_files/OT/white/2020/icsa-20-338-01.json,2020-12-03T00:00:00.000000Z
csaf_files/OT/white/2020/icsa-20-336-01.json,2020-12-01T00:00:00.000000Z
csaf_files/OT/white/2020/icsa-20-329-02.json,2020-11-24T00:00:00.000000Z
csaf_files/OT/white/2020/icsa-20-329-01.json,2020-11-24T00:00:00.000000Z
csaf_files/OT/white/2020/icsa-20-324-05.json,2021-12-16T00:00:00.000000Z
csaf_files/OT/white/2020/icsa-20-324-04.json,2020-11-17T00:00:00.000000Z
csaf_files/OT/white/2020/icsa-20-324-03.json,2020-11-17T00:00:00.000000Z
csaf_files/OT/white/2020/icsa-20-324-02.json,2022-09-19T00:00:00.000000Z
csaf_files/OT/white/2020/icsa-20-324-01.json,2020-11-17T00:00:00.000000Z
csaf_files/OT/white/2020/icsa-20-317-01.json,2020-11-12T00:00:00.000000Z
csaf_files/OT/white/2020/icsa-20-315-05.json,2020-11-10T00:00:00.000000Z
csaf_files/OT/white/2020/icsa-20-315-04.json,2022-08-09T00:00:00.000000Z
csaf_files/OT/white/2020/icsa-20-315-03.json,2020-11-10T00:00:00.000000Z
csaf_files/OT/white/2020/icsa-20-315-02.json,2020-11-10T00:00:00.000000Z
csaf_files/OT/white/2020/icsa-20-315-01.json,2020-11-10T00:00:00.000000Z
csaf_files/OT/white/2020/icsa-20-310-02.json,2020-11-05T00:00:00.000000Z
csaf_files/OT/white/2020/icsa-20-310-01.json,2020-11-05T00:00:00.000000Z
csaf_files/OT/white/2020/icsa-20-308-03.json,2021-01-05T00:00:00.000000Z
csaf_files/OT/white/2020/icsa-20-308-02.json,2020-11-03T00:00:00.000000Z
csaf_files/OT/white/2020/icsa-20-308-01.json,2020-12-15T00:00:00.000000Z
csaf_files/OT/white/2020/icsa-20-303-02.json,2020-10-29T00:00:00.000000Z
csaf_files/OT/white/2020/icsa-20-303-01.json,2024-09-05T06:00:00.000000Z
csaf_files/OT/white/2020/icsa-20-301-01.json,2020-10-27T00:00:00.000000Z
csaf_files/OT/white/2020/icsa-20-294-02.json,2020-10-20T00:00:00.000000Z
csaf_files/OT/white/2020/icsa-20-294-01.json,2020-10-20T00:00:00.000000Z
csaf_files/OT/white/2020/icsa-20-289-02.json,2020-10-15T00:00:00.000000Z
csaf_files/OT/white/2020/icsa-20-289-01.json,2020-10-15T00:00:00.000000Z
csaf_files/OT/white/2020/icsa-20-287-06.json,2020-10-13T00:00:00.000000Z
csaf_files/OT/white/2020/icsa-20-287-05.json,2020-10-13T00:00:00.000000Z
csaf_files/OT/white/2020/icsa-20-287-04.json,2020-10-13T00:00:00.000000Z
csaf_files/OT/white/2020/icsa-20-287-03.json,2020-10-13T00:00:00.000000Z
csaf_files/OT/white/2020/icsa-20-287-02.json,2020-10-13T00:00:00.000000Z
csaf_files/OT/white/2020/icsa-20-287-01.json,2020-10-13T00:00:00.000000Z
csaf_files/OT/white/2020/icsa-20-282-02.json,2024-08-22T06:00:00.000000Z
csaf_files/OT/white/2020/icsa-20-282-01.json,2021-01-05T00:00:00.000000Z
csaf_files/OT/white/2020/icsa-20-280-01.json,2021-06-17T00:00:00.000000Z
csaf_files/OT/white/2020/icsa-20-273-03.json,2020-09-29T00:00:00.000000Z
csaf_files/OT/white/2020/icsa-20-273-02.json,2020-09-29T00:00:00.000000Z
csaf_files/OT/white/2020/icsa-20-273-01.json,2020-09-29T00:00:00.000000Z
csaf_files/OT/white/2020/icsa-20-266-02.json,2020-09-22T00:00:00.000000Z
csaf_files/OT/white/2020/icsa-20-266-01.json,2020-09-22T00:00:00.000000Z
csaf_files/OT/white/2020/icsa-20-261-01.json,2020-09-17T00:00:00.000000Z
csaf_files/OT/white/2020/icsa-20-254-03.json,2020-09-10T00:00:00.000000Z
csaf_files/OT/white/2020/icsa-20-254-02.json,2020-09-10T00:00:00.000000Z
csaf_files/OT/white/2020/icsa-20-254-01.json,2020-09-10T00:00:00.000000Z
csaf_files/OT/white/2020/icsa-20-252-08.json,2020-09-08T00:00:00.000000Z
csaf_files/OT/white/2020/icsa-20-252-07.json,2025-05-06T06:00:00.000000Z
csaf_files/OT/white/2020/icsa-20-252-06.json,2025-05-06T06:00:00.000000Z
csaf_files/OT/white/2020/icsa-20-252-05.json,2020-09-08T00:00:00.000000Z
csaf_files/OT/white/2020/icsa-20-252-04.json,2020-09-08T00:00:00.000000Z
csaf_files/OT/white/2020/icsa-20-252-03.json,2020-09-08T00:00:00.000000Z
csaf_files/OT/white/2020/icsa-20-252-02.json,2020-12-08T00:00:00.000000Z
csaf_files/OT/white/2020/icsa-20-252-01.json,2020-09-08T00:00:00.000000Z
csaf_files/OT/white/2020/icsa-20-245-01.json,2024-06-13T06:00:00.000000Z
csaf_files/OT/white/2020/icsa-20-240-01.json,2020-08-27T00:00:00.000000Z
csaf_files/OT/white/2020/icsa-20-238-03.json,2020-12-03T00:00:00.000000Z
csaf_files/OT/white/2020/icsa-20-238-02.json,2020-08-25T00:00:00.000000Z
csaf_files/OT/white/2020/icsa-20-238-01.json,2020-08-25T00:00:00.000000Z
csaf_files/OT/white/2020/icsa-20-224-08.json,2020-08-11T00:00:00.000000Z
csaf_files/OT/white/2020/icsa-20-224-07.json,2020-08-11T00:00:00.000000Z
csaf_files/OT/white/2020/icsa-20-224-06.json,2020-08-11T00:00:00.000000Z
csaf_files/OT/white/2020/icsa-20-224-05.json,2020-12-08T00:00:00.000000Z
csaf_files/OT/white/2020/icsa-20-224-04.json,2020-08-11T00:00:00.000000Z
csaf_files/OT/white/2020/icsa-20-224-03.json,2020-08-11T00:00:00.000000Z
csaf_files/OT/white/2020/icsa-20-224-02.json,2020-08-11T00:00:00.000000Z
csaf_files/OT/white/2020/icsa-20-224-01.json,2021-01-05T00:00:00.000000Z
csaf_files/OT/white/2020/icsa-20-219-04.json,2020-08-06T00:00:00.000000Z
csaf_files/OT/white/2020/icsa-20-219-03.json,2020-08-06T00:00:00.000000Z
csaf_files/OT/white/2020/icsa-20-219-02.json,2020-08-06T00:00:00.000000Z
csaf_files/OT/white/2020/icsa-20-219-01.json,2020-08-06T00:00:00.000000Z
csaf_files/OT/white/2020/icsa-20-217-01.json,2020-08-04T00:00:00.000000Z
csaf_files/OT/white/2020/icsa-20-212-04.json,2022-12-09T00:00:00.000000Z
csaf_files/OT/white/2020/icsa-20-212-03.json,2021-05-27T00:00:00.000000Z
csaf_files/OT/white/2020/icsa-20-212-02.json,2022-09-30T00:00:00.000000Z
csaf_files/OT/white/2020/icsa-20-212-01.json,2020-07-30T00:00:00.000000Z
csaf_files/OT/white/2020/icsa-20-210-03.json,2020-07-28T00:00:00.000000Z
csaf_files/OT/white/2020/icsa-20-210-02.json,2020-07-28T00:00:00.000000Z
csaf_files/OT/white/2020/icsa-20-210-01.json,2020-07-28T00:00:00.000000Z
csaf_files/OT/white/2020/icsa-20-205-01.json,2020-07-23T00:00:00.000000Z
csaf_files/OT/white/2020/icsa-20-203-01.json,2022-03-10T00:00:00.000000Z
csaf_files/OT/white/2020/icsa-20-196-08.json,2020-07-14T00:00:00.000000Z
csaf_files/OT/white/2020/icsa-20-196-07.json,2020-08-11T00:00:00.000000Z
csaf_files/OT/white/2020/icsa-20-196-06.json,2020-07-14T00:00:00.000000Z
csaf_files/OT/white/2020/icsa-20-196-05.json,2022-08-09T00:00:00.000000Z
csaf_files/OT/white/2020/icsa-20-196-04.json,2020-07-14T00:00:00.000000Z
csaf_files/OT/white/2020/icsa-20-196-03.json,2020-07-14T00:00:00.000000Z
csaf_files/OT/white/2020/icsa-20-196-02.json,2020-07-14T00:00:00.000000Z
csaf_files/OT/white/2020/icsa-20-196-01.json,2020-07-14T00:00:00.000000Z
csaf_files/OT/white/2020/icsa-20-191-02.json,2020-07-09T00:00:00.000000Z
csaf_files/OT/white/2020/icsa-20-191-01.json,2020-07-09T00:00:00.000000Z
csaf_files/OT/white/2020/icsa-20-189-02.json,2020-07-07T00:00:00.000000Z
csaf_files/OT/white/2020/icsa-20-189-01.json,2020-07-07T00:00:00.000000Z
csaf_files/OT/white/2020/icsa-20-184-02.json,2020-07-02T00:00:00.000000Z
csaf_files/OT/white/2020/icsa-20-184-01.json,2020-07-02T00:00:00.000000Z
csaf_files/OT/white/2020/icsa-20-182-02.json,2020-06-30T00:00:00.000000Z
csaf_files/OT/white/2020/icsa-20-182-01.json,2020-07-28T00:00:00.000000Z
csaf_files/OT/white/2020/icsa-20-177-03.json,2020-06-25T00:00:00.000000Z
csaf_files/OT/white/2020/icsa-20-177-02.json,2020-06-25T00:00:00.000000Z
csaf_files/OT/white/2020/icsa-20-177-01.json,2020-09-15T00:00:00.000000Z
csaf_files/OT/white/2020/icsa-20-175-03.json,2020-06-23T00:00:00.000000Z
csaf_files/OT/white/2020/icsa-20-175-02.json,2020-06-23T00:00:00.000000Z
csaf_files/OT/white/2020/icsa-20-175-01.json,2020-07-07T00:00:00.000000Z
csaf_files/OT/white/2020/icsa-20-170-05.json,2020-06-18T00:00:00.000000Z
csaf_files/OT/white/2020/icsa-20-170-04.json,2020-06-18T00:00:00.000000Z
csaf_files/OT/white/2020/icsa-20-170-03.json,2020-06-18T00:00:00.000000Z
csaf_files/OT/white/2020/icsa-20-170-02.json,2020-06-18T00:00:00.000000Z
csaf_files/OT/white/2020/icsa-20-170-01.json,2020-07-02T00:00:00.000000Z
csaf_files/OT/white/2020/icsa-20-168-01.json,2024-09-19T06:00:00.000000Z
csaf_files/OT/white/2020/icsa-20-163-02.json,2020-07-09T00:00:00.000000Z
csaf_files/OT/white/2020/icsa-20-163-01.json,2020-06-11T00:00:00.000000Z
csaf_files/OT/white/2020/icsa-20-161-06.json,2020-06-09T00:00:00.000000Z
csaf_files/OT/white/2020/icsa-20-161-05.json,2025-05-06T06:00:00.000000Z
csaf_files/OT/white/2020/icsa-20-161-04.json,2022-12-13T00:00:00.000000Z
csaf_files/OT/white/2020/icsa-20-161-03.json,2020-12-08T00:00:00.000000Z
csaf_files/OT/white/2020/icsa-20-161-02.json,2021-04-20T00:00:00.000000Z
csaf_files/OT/white/2020/icsa-20-161-01.json,2020-06-09T00:00:00.000000Z
csaf_files/OT/white/2020/icsa-20-154-06.json,2020-06-02T00:00:00.000000Z
csaf_files/OT/white/2020/icsa-20-154-05.json,2020-06-02T00:00:00.000000Z
csaf_files/OT/white/2020/icsa-20-154-04.json,2020-06-02T00:00:00.000000Z
csaf_files/OT/white/2020/icsa-20-154-03.json,2020-06-02T00:00:00.000000Z
csaf_files/OT/white/2020/icsa-20-154-02.json,2020-06-02T00:00:00.000000Z
csaf_files/OT/white/2020/icsa-20-154-01.json,2020-06-02T00:00:00.000000Z
csaf_files/OT/white/2020/icsa-20-147-02.json,2020-05-26T00:00:00.000000Z
csaf_files/OT/white/2020/icsa-20-147-01.json,2020-06-30T00:00:00.000000Z
csaf_files/OT/white/2020/icsa-20-142-02.json,2020-05-21T00:00:00.000000Z
csaf_files/OT/white/2020/icsa-20-142-01.json,2020-05-21T00:00:00.000000Z
csaf_files/OT/white/2020/icsa-20-140-02.json,2020-05-19T00:00:00.000000Z
csaf_files/OT/white/2020/icsa-20-140-01.json,2020-05-19T00:00:00.000000Z
csaf_files/OT/white/2020/icsa-20-135-02.json,2020-05-14T00:00:00.000000Z
csaf_files/OT/white/2020/icsa-20-135-01.json,2020-05-14T00:00:00.000000Z
csaf_files/OT/white/2020/icsa-20-133-02.json,2020-06-09T00:00:00.000000Z
csaf_files/OT/white/2020/icsa-20-133-01.json,2020-05-12T00:00:00.000000Z
csaf_files/OT/white/2020/icsa-20-128-01.json,2020-05-07T00:00:00.000000Z
csaf_files/OT/white/2020/icsa-20-126-02.json,2020-05-05T00:00:00.000000Z
csaf_files/OT/white/2020/icsa-20-126-01.json,2020-05-05T00:00:00.000000Z
csaf_files/OT/white/2020/icsa-20-119-01.json,2020-04-28T00:00:00.000000Z
csaf_files/OT/white/2020/icsa-20-112-01.json,2020-04-21T00:00:00.000000Z
csaf_files/OT/white/2020/icsa-20-105-09.json,2020-04-14T00:00:00.000000Z
csaf_files/OT/white/2020/icsa-20-105-08.json,2025-07-08T00:00:00.000000Z
csaf_files/OT/white/2020/icsa-20-105-07.json,2025-05-06T06:00:00.000000Z
csaf_files/OT/white/2020/icsa-20-105-06.json,2025-06-10T00:00:00.000000Z
csaf_files/OT/white/2020/icsa-20-105-05.json,2020-09-08T00:00:00.000000Z
csaf_files/OT/white/2020/icsa-20-105-04.json,2021-02-09T00:00:00.000000Z
csaf_files/OT/white/2020/icsa-20-105-03.json,2020-04-14T00:00:00.000000Z
csaf_files/OT/white/2020/icsa-20-105-02.json,2020-04-14T00:00:00.000000Z
csaf_files/OT/white/2020/icsa-20-105-01.json,2020-04-14T00:00:00.000000Z
csaf_files/OT/white/2020/icsa-20-100-01.json,2020-04-09T00:00:00.000000Z
csaf_files/OT/white/2020/icsa-20-098-05.json,2020-04-07T00:00:00.000000Z
csaf_files/OT/white/2020/icsa-20-098-04.json,2020-04-07T00:00:00.000000Z
csaf_files/OT/white/2020/icsa-20-098-03.json,2020-04-07T00:00:00.000000Z
csaf_files/OT/white/2020/icsa-20-098-02.json,2020-04-07T00:00:00.000000Z
csaf_files/OT/white/2020/icsa-20-098-01.json,2020-04-07T00:00:00.000000Z
csaf_files/OT/white/2020/icsa-20-093-01.json,2020-04-02T00:00:00.000000Z
csaf_files/OT/white/2020/icsa-20-091-02.json,2020-03-31T00:00:00.000000Z
csaf_files/OT/white/2020/icsa-20-091-01.json,2020-03-31T00:00:00.000000Z
csaf_files/OT/white/2020/icsa-20-086-01.json,2020-03-26T00:00:00.000000Z
csaf_files/OT/white/2020/icsa-20-084-02.json,2020-03-24T00:00:00.000000Z
csaf_files/OT/white/2020/icsa-20-084-01.json,2021-11-18T00:00:00.000000Z
csaf_files/OT/white/2020/icsa-20-079-01.json,2020-03-19T00:00:00.000000Z
csaf_files/OT/white/2020/icsa-20-077-01.json,2020-03-17T00:00:00.000000Z
csaf_files/OT/white/2020/icsa-20-072-03.json,2020-03-12T00:00:00.000000Z
csaf_files/OT/white/2020/icsa-20-072-02.json,2020-03-12T00:00:00.000000Z
csaf_files/OT/white/2020/icsa-20-072-01.json,2020-03-12T00:00:00.000000Z
csaf_files/OT/white/2020/icsa-20-070-06.json,2020-03-10T00:00:00.000000Z
csaf_files/OT/white/2020/icsa-20-070-05.json,2020-03-10T00:00:00.000000Z
csaf_files/OT/white/2020/icsa-20-070-04.json,2020-03-10T00:00:00.000000Z
csaf_files/OT/white/2020/icsa-20-070-03.json,2020-03-10T00:00:00.000000Z
csaf_files/OT/white/2020/icsa-20-070-02.json,2020-03-10T00:00:00.000000Z
csaf_files/OT/white/2020/icsa-20-070-01.json,2024-01-09T00:00:00.000000Z
csaf_files/OT/white/2020/icsa-20-065-01.json,2020-03-05T00:00:00.000000Z
csaf_files/OT/white/2020/icsa-20-063-04.json,2020-03-03T00:00:00.000000Z
csaf_files/OT/white/2020/icsa-20-063-03.json,2020-03-03T00:00:00.000000Z
csaf_files/OT/white/2020/icsa-20-063-02.json,2020-03-03T00:00:00.000000Z
csaf_files/OT/white/2020/icsa-20-063-01.json,2020-03-03T00:00:00.000000Z
csaf_files/OT/white/2020/icsa-20-056-05.json,2020-02-25T00:00:00.000000Z
csaf_files/OT/white/2020/icsa-20-056-04.json,2020-02-25T00:00:00.000000Z
csaf_files/OT/white/2020/icsa-20-056-03.json,2020-02-25T00:00:00.000000Z
csaf_files/OT/white/2020/icsa-20-056-02.json,2020-02-25T00:00:00.000000Z
csaf_files/OT/white/2020/icsa-20-056-01.json,2020-02-25T00:00:00.000000Z
csaf_files/OT/white/2020/icsa-20-051-04.json,2020-02-20T00:00:00.000000Z
csaf_files/OT/white/2020/icsa-20-051-03.json,2020-02-20T00:00:00.000000Z
csaf_files/OT/white/2020/icsa-20-051-02.json,2020-02-20T00:00:00.000000Z
csaf_files/OT/white/2020/icsa-20-051-01.json,2020-02-20T00:00:00.000000Z
csaf_files/OT/white/2020/icsa-20-049-02.json,2020-02-18T00:00:00.000000Z
csaf_files/OT/white/2020/icsa-20-049-01.json,2020-02-18T00:00:00.000000Z
csaf_files/OT/white/2020/icsa-20-044-02.json,2020-02-13T00:00:00.000000Z
csaf_files/OT/white/2020/icsa-20-044-01.json,2020-02-13T00:00:00.000000Z
csaf_files/OT/white/2020/icsa-20-042-13.json,2020-02-11T00:00:00.000000Z
csaf_files/OT/white/2020/icsa-20-042-12.json,2020-02-11T00:00:00.000000Z
csaf_files/OT/white/2020/icsa-20-042-11.json,2020-03-10T00:00:00.000000Z
csaf_files/OT/white/2020/icsa-20-042-10.json,2025-05-06T06:00:00.000000Z
csaf_files/OT/white/2020/icsa-20-042-09.json,2020-02-11T00:00:00.000000Z
csaf_files/OT/white/2020/icsa-20-042-08.json,2020-02-11T00:00:00.000000Z
csaf_files/OT/white/2020/icsa-20-042-07.json,2022-12-13T00:00:00.000000Z
csaf_files/OT/white/2020/icsa-20-042-06.json,2023-04-11T00:00:00.000000Z
csaf_files/OT/white/2020/icsa-20-042-05.json,2023-01-10T00:00:00.000000Z
csaf_files/OT/white/2020/icsa-20-042-04.json,2024-07-09T00:00:00.000000Z
csaf_files/OT/white/2020/icsa-20-042-03.json,2020-02-11T00:00:00.000000Z
csaf_files/OT/white/2020/icsa-20-042-02.json,2025-05-06T06:00:00.000000Z
csaf_files/OT/white/2020/icsa-20-042-01.json,2020-04-07T00:00:00.000000Z
csaf_files/OT/white/2020/icsa-20-035-01.json,2020-02-04T00:00:00.000000Z
csaf_files/OT/white/2020/icsa-20-021-01.json,2020-01-21T00:00:00.000000Z
csaf_files/OT/white/2020/icsa-20-016-01.json,2020-03-31T00:00:00.000000Z
csaf_files/OT/white/2020/icsa-20-014-06.json,2020-01-14T00:00:00.000000Z
csaf_files/OT/white/2020/icsa-20-014-05.json,2022-06-16T00:00:00.000000Z
csaf_files/OT/white/2020/icsa-20-014-04.json,2020-01-14T00:00:00.000000Z
csaf_files/OT/white/2020/icsa-20-014-03.json,2022-12-13T00:00:00.000000Z
csaf_files/OT/white/2020/icsa-20-014-02.json,2020-01-14T00:00:00.000000Z
csaf_files/OT/white/2020/icsa-20-014-01.json,2020-01-14T00:00:00.000000Z
csaf_files/OT/white/2019/icsma-19-353-01.json,2019-12-19T00:00:00.000000Z
csaf_files/OT/white/2019/icsma-19-318-01.json,2019-12-12T00:00:00.000000Z
csaf_files/OT/white/2019/icsma-19-311-02.json,2019-11-07T00:00:00.000000Z
csaf_files/OT/white/2019/icsma-19-311-01.json,2019-11-07T00:00:00.000000Z
csaf_files/OT/white/2019/icsma-19-297-01.json,2019-10-24T00:00:00.000000Z
csaf_files/OT/white/2019/icsma-19-274-01.json,2020-01-07T00:00:00.000000Z
csaf_files/OT/white/2019/icsma-19-255-01.json,2019-09-12T00:00:00.000000Z
csaf_files/OT/white/2019/icsma-19-248-01.json,2019-10-08T00:00:00.000000Z
csaf_files/OT/white/2019/icsma-19-241-02.json,2019-08-29T00:00:00.000000Z
csaf_files/OT/white/2019/icsma-19-241-01.json,2019-08-29T00:00:00.000000Z
csaf_files/OT/white/2019/icsma-19-192-01.json,2019-07-11T00:00:00.000000Z
csaf_files/OT/white/2019/icsma-19-190-01.json,2019-07-23T00:00:00.000000Z
csaf_files/OT/white/2019/icsma-19-178-01.json,2019-06-27T00:00:00.000000Z
csaf_files/OT/white/2019/icsma-19-164-01.json,2019-06-13T00:00:00.000000Z
csaf_files/OT/white/2019/icsma-19-120-01.json,2019-11-07T00:00:00.000000Z
csaf_files/OT/white/2019/icsma-19-113-01.json,2019-04-23T00:00:00.000000Z
csaf_files/OT/white/2019/icsma-19-080-01.json,2021-04-08T00:00:00.000000Z
csaf_files/OT/white/2019/icsma-19-029-02.json,2019-02-05T00:00:00.000000Z
csaf_files/OT/white/2019/icsma-19-029-01.json,2019-01-29T00:00:00.000000Z
csaf_files/OT/white/2019/icsma-19-022-01.json,2019-01-22T00:00:00.000000Z
csaf_files/OT/white/2019/icsa-19-353-04.json,2019-12-19T00:00:00.000000Z
csaf_files/OT/white/2019/icsa-19-353-03.json,2019-12-19T00:00:00.000000Z
csaf_files/OT/white/2019/icsa-19-353-02.json,2019-12-19T00:00:00.000000Z
csaf_files/OT/white/2019/icsa-19-353-01.json,2019-12-19T00:00:00.000000Z
csaf_files/OT/white/2019/icsa-19-351-02.json,2025-05-06T06:00:00.000000Z
csaf_files/OT/white/2019/icsa-19-351-01.json,2019-12-17T00:00:00.000000Z
csaf_files/OT/white/2019/icsa-19-346-03.json,2019-12-12T00:00:00.000000Z
csaf_files/OT/white/2019/icsa-19-346-02.json,2019-12-12T00:00:00.000000Z
csaf_files/OT/white/2019/icsa-19-346-01.json,2019-12-12T00:00:00.000000Z
csaf_files/OT/white/2019/icsa-19-344-07.json,2020-01-14T00:00:00.000000Z
csaf_files/OT/white/2019/icsa-19-344-06.json,2020-03-10T00:00:00.000000Z
csaf_files/OT/white/2019/icsa-19-344-05.json,2019-12-10T00:00:00.000000Z
csaf_files/OT/white/2019/icsa-19-344-04.json,2025-05-06T06:00:00.000000Z
csaf_files/OT/white/2019/icsa-19-344-03.json,2023-12-12T00:00:00.000000Z
csaf_files/OT/white/2019/icsa-19-344-02.json,2021-04-13T00:00:00.000000Z
csaf_files/OT/white/2019/icsa-19-344-01.json,2019-12-10T00:00:00.000000Z
csaf_files/OT/white/2019/icsa-19-339-02.json,2019-12-05T00:00:00.000000Z
csaf_files/OT/white/2019/icsa-19-339-01.json,2019-12-05T00:00:00.000000Z
csaf_files/OT/white/2019/icsa-19-337-02.json,2019-12-03T00:00:00.000000Z
csaf_files/OT/white/2019/icsa-19-337-01.json,2019-12-03T00:00:00.000000Z
csaf_files/OT/white/2019/icsa-19-330-02.json,2019-11-26T00:00:00.000000Z
csaf_files/OT/white/2019/icsa-19-330-01.json,2019-11-26T00:00:00.000000Z
csaf_files/OT/white/2019/icsa-19-323-01.json,2019-11-19T00:00:00.000000Z
csaf_files/OT/white/2019/icsa-19-318-05.json,2019-11-14T00:00:00.000000Z
csaf_files/OT/white/2019/icsa-19-318-04.json,2019-12-19T00:00:00.000000Z
csaf_files/OT/white/2019/icsa-19-318-03.json,2019-11-12T00:00:00.000000Z
csaf_files/OT/white/2019/icsa-19-318-02.json,2020-07-14T00:00:00.000000Z
csaf_files/OT/white/2019/icsa-19-318-01.json,2025-03-11T00:00:00.000000Z
csaf_files/OT/white/2019/icsa-19-311-02.json,2019-11-07T00:00:00.000000Z
csaf_files/OT/white/2019/icsa-19-311-01.json,2019-11-07T00:00:00.000000Z
csaf_files/OT/white/2019/icsa-19-309-01.json,2019-11-05T00:00:00.000000Z
csaf_files/OT/white/2019/icsa-19-304-04.json,2019-10-31T00:00:00.000000Z
csaf_files/OT/white/2019/icsa-19-304-03.json,2019-10-31T00:00:00.000000Z
csaf_files/OT/white/2019/icsa-19-304-02.json,2019-10-31T00:00:00.000000Z
csaf_files/OT/white/2019/icsa-19-304-01.json,2019-10-31T00:00:00.000000Z
csaf_files/OT/white/2019/icsa-19-302-01.json,2019-10-29T00:00:00.000000Z
csaf_files/OT/white/2019/icsa-19-297-02.json,2019-10-24T00:00:00.000000Z
csaf_files/OT/white/2019/icsa-19-297-01.json,2019-10-24T00:00:00.000000Z
csaf_files/OT/white/2019/icsa-19-295-01.json,2019-10-22T00:00:00.000000Z
csaf_files/OT/white/2019/icsa-19-290-02.json,2019-10-17T00:00:00.000000Z
csaf_files/OT/white/2019/icsa-19-290-01.json,2019-12-19T00:00:00.000000Z
csaf_files/OT/white/2019/icsa-19-283-02.json,2024-07-09T00:00:00.000000Z
csaf_files/OT/white/2019/icsa-19-283-01.json,2025-05-06T06:00:00.000000Z
csaf_files/OT/white/2019/icsa-19-281-04.json,2019-10-08T00:00:00.000000Z
csaf_files/OT/white/2019/icsa-19-281-03.json,2020-01-14T00:00:00.000000Z
csaf_files/OT/white/2019/icsa-19-281-02.json,2019-10-08T00:00:00.000000Z
csaf_files/OT/white/2019/icsa-19-281-01.json,2019-10-08T00:00:00.000000Z
csaf_files/OT/white/2019/icsa-19-274-03.json,2019-10-01T00:00:00.000000Z
csaf_files/OT/white/2019/icsa-19-274-02.json,2019-10-01T00:00:00.000000Z
csaf_files/OT/white/2019/icsa-19-274-01.json,2024-09-24T06:00:00.000000Z
csaf_files/OT/white/2019/icsa-19-262-01.json,2019-09-19T00:00:00.000000Z
csaf_files/OT/white/2019/icsa-19-260-03.json,2019-09-17T00:00:00.000000Z
csaf_files/OT/white/2019/icsa-19-260-02.json,2019-09-10T00:00:00.000000Z
csaf_files/OT/white/2019/icsa-19-260-01.json,2019-09-17T00:00:00.000000Z
csaf_files/OT/white/2019/icsa-19-255-05.json,2019-09-12T00:00:00.000000Z
csaf_files/OT/white/2019/icsa-19-255-04.json,2019-09-12T00:00:00.000000Z
csaf_files/OT/white/2019/icsa-19-255-03.json,2019-09-12T00:00:00.000000Z
csaf_files/OT/white/2019/icsa-19-255-02.json,2020-05-12T00:00:00.000000Z
csaf_files/OT/white/2019/icsa-19-255-01.json,2019-09-12T00:00:00.000000Z
csaf_files/OT/white/2019/icsa-19-253-06.json,2019-09-10T00:00:00.000000Z
csaf_files/OT/white/2019/icsa-19-253-05.json,2019-09-10T00:00:00.000000Z
csaf_files/OT/white/2019/icsa-19-253-04.json,2019-09-10T00:00:00.000000Z
csaf_files/OT/white/2019/icsa-19-253-03.json,2022-05-12T00:00:00.000000Z
csaf_files/OT/white/2019/icsa-19-253-02.json,2019-09-10T00:00:00.000000Z
csaf_files/OT/white/2019/icsa-19-253-01.json,2019-09-10T00:00:00.000000Z
csaf_files/OT/white/2019/icsa-19-248-01.json,2019-09-05T00:00:00.000000Z
csaf_files/OT/white/2019/icsa-19-246-02.json,2019-09-03T00:00:00.000000Z
csaf_files/OT/white/2019/icsa-19-246-01.json,2019-09-03T00:00:00.000000Z
csaf_files/OT/white/2019/icsa-19-239-02.json,2019-08-27T00:00:00.000000Z
csaf_files/OT/white/2019/icsa-19-239-01.json,2019-08-27T00:00:00.000000Z
csaf_files/OT/white/2019/icsa-19-232-01.json,2019-08-20T00:00:00.000000Z
csaf_files/OT/white/2019/icsa-19-227-04.json,2020-05-12T00:00:00.000000Z
csaf_files/OT/white/2019/icsa-19-227-03.json,2020-07-14T00:00:00.000000Z
csaf_files/OT/white/2019/icsa-19-227-02.json,2019-08-15T00:00:00.000000Z
csaf_files/OT/white/2019/icsa-19-227-01.json,2019-08-15T00:00:00.000000Z
csaf_files/OT/white/2019/icsa-19-225-03.json,2022-02-10T00:00:00.000000Z
csaf_files/OT/white/2019/icsa-19-225-02.json,2019-08-13T00:00:00.000000Z
csaf_files/OT/white/2019/icsa-19-225-01.json,2019-08-13T00:00:00.000000Z
csaf_files/OT/white/2019/icsa-19-213-06.json,2019-08-01T00:00:00.000000Z
csaf_files/OT/white/2019/icsa-19-213-05.json,2019-09-19T00:00:00.000000Z
csaf_files/OT/white/2019/icsa-19-213-04.json,2020-05-14T00:00:00.000000Z
csaf_files/OT/white/2019/icsa-19-213-03.json,2019-08-01T00:00:00.000000Z
csaf_files/OT/white/2019/icsa-19-213-02.json,2019-08-01T00:00:00.000000Z
csaf_files/OT/white/2019/icsa-19-213-01.json,2019-08-01T00:00:00.000000Z
csaf_files/OT/white/2019/icsa-19-211-02.json,2019-07-30T00:00:00.000000Z
csaf_files/OT/white/2019/icsa-19-211-01.json,2019-08-08T06:00:00.000000Z
csaf_files/OT/white/2019/icsa-19-204-02.json,2019-07-23T00:00:00.000000Z
csaf_files/OT/white/2019/icsa-19-204-01.json,2019-07-23T00:00:00.000000Z
csaf_files/OT/white/2019/icsa-19-199-01.json,2019-07-18T00:00:00.000000Z
csaf_files/OT/white/2019/icsa-19-192-07.json,2019-07-11T00:00:00.000000Z
csaf_files/OT/white/2019/icsa-19-192-06.json,2019-07-11T00:00:00.000000Z
csaf_files/OT/white/2019/icsa-19-192-05.json,2019-07-11T00:00:00.000000Z
csaf_files/OT/white/2019/icsa-19-192-04.json,2019-07-09T00:00:00.000000Z
csaf_files/OT/white/2019/icsa-19-192-03.json,2019-07-09T00:00:00.000000Z
csaf_files/OT/white/2019/icsa-19-192-02.json,2019-10-08T00:00:00.000000Z
csaf_files/OT/white/2019/icsa-19-192-01.json,2019-07-11T00:00:00.000000Z
csaf_files/OT/white/2019/icsa-19-190-05.json,2020-05-12T00:00:00.000000Z
csaf_files/OT/white/2019/icsa-19-190-04.json,2019-08-13T00:00:00.000000Z
csaf_files/OT/white/2019/icsa-19-190-03.json,2019-07-09T00:00:00.000000Z
csaf_files/OT/white/2019/icsa-19-190-02.json,2019-07-09T00:00:00.000000Z
csaf_files/OT/white/2019/icsa-19-190-01.json,2019-07-09T00:00:00.000000Z
csaf_files/OT/white/2019/icsa-19-183-02.json,2019-07-02T00:00:00.000000Z
csaf_files/OT/white/2019/icsa-19-183-01.json,2019-07-02T00:00:00.000000Z
csaf_files/OT/white/2019/icsa-19-178-05.json,2019-06-27T00:00:00.000000Z
csaf_files/OT/white/2019/icsa-19-178-04.json,2019-06-27T00:00:00.000000Z
csaf_files/OT/white/2019/icsa-19-178-03.json,2019-06-27T00:00:00.000000Z
csaf_files/OT/white/2019/icsa-19-178-02.json,2019-06-27T00:00:00.000000Z
csaf_files/OT/white/2019/icsa-19-178-01.json,2019-06-27T00:00:00.000000Z
csaf_files/OT/white/2019/icsa-19-171-01.json,2019-06-20T00:00:00.000000Z
csaf_files/OT/white/2019/icsa-19-164-02.json,2019-06-13T00:00:00.000000Z
csaf_files/OT/white/2019/icsa-19-164-01.json,2019-06-13T00:00:00.000000Z
csaf_files/OT/white/2019/icsa-19-162-04.json,2021-02-09T00:00:00.000000Z
csaf_files/OT/white/2019/icsa-19-162-03.json,2020-02-10T00:00:00.000000Z
csaf_files/OT/white/2019/icsa-19-162-02.json,2021-03-09T00:00:00.000000Z
csaf_files/OT/white/2019/icsa-19-162-01.json,2019-06-11T00:00:00.000000Z
csaf_files/OT/white/2019/icsa-19-157-02.json,2019-06-06T00:00:00.000000Z
csaf_files/OT/white/2019/icsa-19-157-01.json,2019-06-06T00:00:00.000000Z
csaf_files/OT/white/2019/icsa-19-155-03.json,2019-06-04T00:00:00.000000Z
csaf_files/OT/white/2019/icsa-19-155-02.json,2019-06-04T00:00:00.000000Z
csaf_files/OT/white/2019/icsa-19-155-01.json,2019-06-04T00:00:00.000000Z
csaf_files/OT/white/2019/icsa-19-150-01.json,2019-05-30T00:00:00.000000Z
csaf_files/OT/white/2019/icsa-19-148-01.json,2019-05-28T00:00:00.000000Z
csaf_files/OT/white/2019/icsa-19-141-02.json,2019-05-21T00:00:00.000000Z
csaf_files/OT/white/2019/icsa-19-141-01.json,2019-05-21T00:00:00.000000Z
csaf_files/OT/white/2019/icsa-19-136-02.json,2019-05-16T00:00:00.000000Z
csaf_files/OT/white/2019/icsa-19-136-01.json,2019-05-16T00:00:00.000000Z
csaf_files/OT/white/2019/icsa-19-134-09.json,2022-08-09T00:00:00.000000Z
csaf_files/OT/white/2019/icsa-19-134-08.json,2019-10-08T00:00:00.000000Z
csaf_files/OT/white/2019/icsa-19-134-07.json,2019-05-14T00:00:00.000000Z
csaf_files/OT/white/2019/icsa-19-134-06.json,2019-05-14T00:00:00.000000Z
csaf_files/OT/white/2019/icsa-19-134-05.json,2019-05-14T00:00:00.000000Z
csaf_files/OT/white/2019/icsa-19-134-04.json,2020-12-08T00:00:00.000000Z
csaf_files/OT/white/2019/icsa-19-134-03.json,2020-12-08T00:00:00.000000Z
csaf_files/OT/white/2019/icsa-19-134-02.json,2019-05-14T00:00:00.000000Z
csaf_files/OT/white/2019/icsa-19-134-01.json,2019-11-05T00:00:00.000000Z
csaf_files/OT/white/2019/icsa-19-122-03.json,2020-04-23T00:00:00.000000Z
csaf_files/OT/white/2019/icsa-19-122-02.json,2019-05-02T00:00:00.000000Z
csaf_files/OT/white/2019/icsa-19-122-01.json,2019-05-02T00:00:00.000000Z
csaf_files/OT/white/2019/icsa-19-120-01.json,2019-04-30T00:00:00.000000Z
csaf_files/OT/white/2019/icsa-19-113-01.json,2019-04-23T00:00:00.000000Z
csaf_files/OT/white/2019/icsa-19-106-03.json,2019-12-12T00:00:00.000000Z
csaf_files/OT/white/2019/icsa-19-106-02.json,2019-04-16T00:00:00.000000Z
csaf_files/OT/white/2019/icsa-19-106-01.json,2019-04-16T00:00:00.000000Z
csaf_files/OT/white/2019/icsa-19-099-06.json,2025-05-06T06:00:00.000000Z
csaf_files/OT/white/2019/icsa-19-099-05.json,2019-04-09T00:00:00.000000Z
csaf_files/OT/white/2019/icsa-19-099-04.json,2021-03-09T00:00:00.000000Z
csaf_files/OT/white/2019/icsa-19-099-03.json,2022-04-14T00:00:00.000000Z
csaf_files/OT/white/2019/icsa-19-099-02.json,2019-04-09T00:00:00.000000Z
csaf_files/OT/white/2019/icsa-19-099-01.json,2020-02-10T00:00:00.000000Z
csaf_files/OT/white/2019/icsa-19-094-04.json,2019-04-04T00:00:00.000000Z
csaf_files/OT/white/2019/icsa-19-094-03.json,2019-04-04T00:00:00.000000Z
csaf_files/OT/white/2019/icsa-19-094-02.json,2019-04-04T00:00:00.000000Z
csaf_files/OT/white/2019/icsa-19-094-01.json,2019-04-04T00:00:00.000000Z
csaf_files/OT/white/2019/icsa-19-092-01.json,2019-04-02T00:00:00.000000Z
csaf_files/OT/white/2019/icsa-19-087-01.json,2019-03-28T00:00:00.000000Z
csaf_files/OT/white/2019/icsa-19-085-03.json,2019-03-26T00:00:00.000000Z
csaf_files/OT/white/2019/icsa-19-085-02.json,2019-03-26T00:00:00.000000Z
csaf_files/OT/white/2019/icsa-19-085-01.json,2022-07-12T00:00:00.000000Z
csaf_files/OT/white/2019/icsa-19-078-02.json,2019-03-19T00:00:00.000000Z
csaf_files/OT/white/2019/icsa-19-078-01.json,2019-03-19T00:00:00.000000Z
csaf_files/OT/white/2019/icsa-19-073-03.json,2019-03-14T00:00:00.000000Z
csaf_files/OT/white/2019/icsa-19-073-02.json,2019-03-14T00:00:00.000000Z
csaf_files/OT/white/2019/icsa-19-073-01.json,2019-03-14T00:00:00.000000Z
csaf_files/OT/white/2019/icsa-19-064-01.json,2019-03-05T00:00:00.000000Z
csaf_files/OT/white/2019/icsa-19-059-01.json,2019-02-28T00:00:00.000000Z
csaf_files/OT/white/2019/icsa-19-057-01.json,2019-10-24T00:00:00.000000Z
csaf_files/OT/white/2019/icsa-19-050-04.json,2019-09-05T00:00:00.000000Z
csaf_files/OT/white/2019/icsa-19-050-03.json,2019-02-19T00:00:00.000000Z
csaf_files/OT/white/2019/icsa-19-050-02.json,2019-02-19T00:00:00.000000Z
csaf_files/OT/white/2019/icsa-19-050-01.json,2019-02-19T00:00:00.000000Z
csaf_files/OT/white/2019/icsa-19-045-01.json,2019-02-14T00:00:00.000000Z
csaf_files/OT/white/2019/icsa-19-043-06.json,2019-07-09T00:00:00.000000Z
csaf_files/OT/white/2019/icsa-19-043-05.json,2020-02-10T00:00:00.000000Z
csaf_files/OT/white/2019/icsa-19-043-04.json,2020-02-10T00:00:00.000000Z
csaf_files/OT/white/2019/icsa-19-043-03.json,2019-05-14T00:00:00.000000Z
csaf_files/OT/white/2019/icsa-19-043-02.json,2019-02-12T00:00:00.000000Z
csaf_files/OT/white/2019/icsa-19-043-01.json,2019-02-12T00:00:00.000000Z
csaf_files/OT/white/2019/icsa-19-038-02.json,2019-01-08T00:00:00.000000Z
csaf_files/OT/white/2019/icsa-19-038-01.json,2019-02-12T00:00:00.000000Z
csaf_files/OT/white/2019/icsa-19-036-05.json,2019-02-28T00:00:00.000000Z
csaf_files/OT/white/2019/icsa-19-036-04.json,2020-02-10T00:00:00.000000Z
csaf_files/OT/white/2019/icsa-19-036-03.json,2019-09-19T00:00:00.000000Z
csaf_files/OT/white/2019/icsa-19-036-02.json,2019-02-05T00:00:00.000000Z
csaf_files/OT/white/2019/icsa-19-036-01.json,2019-02-05T00:00:00.000000Z
csaf_files/OT/white/2019/icsa-19-031-02.json,2019-04-04T00:00:00.000000Z
csaf_files/OT/white/2019/icsa-19-031-01.json,2019-01-31T00:00:00.000000Z
csaf_files/OT/white/2019/icsa-19-029-03.json,2019-01-29T00:00:00.000000Z
csaf_files/OT/white/2019/icsa-19-029-02.json,2025-06-24T06:00:00.000000Z
csaf_files/OT/white/2019/icsa-19-029-01.json,2019-01-29T00:00:00.000000Z
csaf_files/OT/white/2019/icsa-19-024-02.json,2019-01-24T00:00:00.000000Z
csaf_files/OT/white/2019/icsa-19-024-01.json,2019-01-24T00:00:00.000000Z
csaf_files/OT/white/2019/icsa-19-022-01.json,2019-01-22T00:00:00.000000Z
csaf_files/OT/white/2019/icsa-19-017-03.json,2019-01-17T00:00:00.000000Z
csaf_files/OT/white/2019/icsa-19-017-02.json,2019-01-17T00:00:00.000000Z
csaf_files/OT/white/2019/icsa-19-017-01.json,2019-02-07T00:00:00.000000Z
csaf_files/OT/white/2019/icsa-19-015-01.json,2019-01-15T00:00:00.000000Z
csaf_files/OT/white/2019/icsa-19-010-03.json,2019-01-10T00:00:00.000000Z
csaf_files/OT/white/2019/icsa-19-010-02.json,2019-01-10T00:00:00.000000Z
csaf_files/OT/white/2019/icsa-19-010-01.json,2019-01-10T00:00:00.000000Z
csaf_files/OT/white/2019/icsa-19-008-02.json,2019-01-15T00:00:00.000000Z
csaf_files/OT/white/2019/icsa-19-008-01.json,2019-01-08T00:00:00.000000Z
csaf_files/OT/white/2019/icsa-19-003-03.json,2019-01-03T00:00:00.000000Z
csaf_files/OT/white/2019/icsa-19-003-02.json,2019-01-03T00:00:00.000000Z
csaf_files/OT/white/2019/icsa-19-003-01.json,2019-01-03T00:00:00.000000Z
csaf_files/OT/white/2018/icsma-18-347-01.json,2018-12-13T00:00:00.000000Z
csaf_files/OT/white/2018/icsma-18-340-01.json,2018-12-06T00:00:00.000000Z
csaf_files/OT/white/2018/icsma-18-312-01.json,2018-11-08T00:00:00.000000Z
csaf_files/OT/white/2018/icsma-18-310-01.json,2018-11-08T00:00:00.000000Z
csaf_files/OT/white/2018/icsma-18-277-02.json,2018-10-04T00:00:00.000000Z
csaf_files/OT/white/2018/icsma-18-277-01.json,2018-10-04T00:00:00.000000Z
csaf_files/OT/white/2018/icsma-18-240-01.json,2018-08-28T00:00:00.000000Z
csaf_files/OT/white/2018/icsma-18-235-01.json,2018-08-23T00:00:00.000000Z
csaf_files/OT/white/2018/icsma-18-233-01.json,2018-10-11T00:00:00.000000Z
csaf_files/OT/white/2018/icsma-18-228-01.json,2020-06-09T00:00:00.000000Z
csaf_files/OT/white/2018/icsma-18-226-01.json,2018-08-14T00:00:00.000000Z
csaf_files/OT/white/2018/icsma-18-219-02.json,2021-10-05T00:00:00.000000Z
csaf_files/OT/white/2018/icsma-18-219-01.json,2018-08-07T00:00:00.000000Z
csaf_files/OT/white/2018/icsma-18-179-01.json,2018-06-28T00:00:00.000000Z
csaf_files/OT/white/2018/icsma-18-165-01.json,2018-06-14T00:00:00.000000Z
csaf_files/OT/white/2018/icsma-18-156-01.json,2018-06-05T00:00:00.000000Z
csaf_files/OT/white/2018/icsma-18-144-01.json,2018-05-24T00:00:00.000000Z
csaf_files/OT/white/2018/icsma-18-142-01.json,2018-10-11T00:00:00.000000Z
csaf_files/OT/white/2018/icsma-18-137-02.json,2018-05-17T06:00:00.000000Z
csaf_files/OT/white/2018/icsma-18-137-01.json,2018-07-12T00:00:00.000000Z
csaf_files/OT/white/2018/icsma-18-128-01.json,2018-06-05T00:00:00.000000Z
csaf_files/OT/white/2018/icsma-18-123-01.json,2019-10-10T00:00:00.000000Z
csaf_files/OT/white/2018/icsma-18-114-01.json,2018-04-24T00:00:00.000000Z
csaf_files/OT/white/2018/icsma-18-107-01.json,2018-04-17T00:00:00.000000Z
csaf_files/OT/white/2018/icsma-18-086-01.json,2018-12-13T00:00:00.000000Z
csaf_files/OT/white/2018/icsma-18-058-02.json,2018-02-27T00:00:00.000000Z
csaf_files/OT/white/2018/icsma-18-058-01.json,2020-01-30T00:00:00.000000Z
csaf_files/OT/white/2018/icsma-18-037-02.json,2018-03-13T00:00:00.000000Z
csaf_files/OT/white/2018/icsma-18-037-01.json,2018-02-06T00:00:00.000000Z
csaf_files/OT/white/2018/icsma-18-025-01.json,2018-01-25T00:00:00.000000Z
csaf_files/OT/white/2018/icsa-18-354-02.json,2018-12-20T00:00:00.000000Z
csaf_files/OT/white/2018/icsa-18-354-01.json,2018-12-20T00:00:00.000000Z
csaf_files/OT/white/2018/icsa-18-352-07.json,2018-12-18T00:00:00.000000Z
csaf_files/OT/white/2018/icsa-18-352-06.json,2018-12-18T00:00:00.000000Z
csaf_files/OT/white/2018/icsa-18-352-05.json,2020-02-10T00:00:00.000000Z
csaf_files/OT/white/2018/icsa-18-352-04.json,2018-12-18T00:00:00.000000Z
csaf_files/OT/white/2018/icsa-18-352-03.json,2018-12-18T00:00:00.000000Z
csaf_files/OT/white/2018/icsa-18-352-02.json,2018-12-18T00:00:00.000000Z
csaf_files/OT/white/2018/icsa-18-352-01.json,2018-12-18T00:00:00.000000Z
csaf_files/OT/white/2018/icsa-18-347-04.json,2018-12-13T00:00:00.000000Z
csaf_files/OT/white/2018/icsa-18-347-03.json,2018-12-13T00:00:00.000000Z
csaf_files/OT/white/2018/icsa-18-347-02.json,2019-02-12T00:00:00.000000Z
csaf_files/OT/white/2018/icsa-18-347-01.json,2018-12-13T00:00:00.000000Z
csaf_files/OT/white/2018/icsa-18-345-02.json,2019-03-12T00:00:00.000000Z
csaf_files/OT/white/2018/icsa-18-345-01.json,2018-12-11T00:00:00.000000Z
csaf_files/OT/white/2018/icsa-18-340-01.json,2018-12-06T00:00:00.000000Z
csaf_files/OT/white/2018/icsa-18-338-02.json,2018-12-04T00:00:00.000000Z
csaf_files/OT/white/2018/icsa-18-338-01.json,2018-12-04T00:00:00.000000Z
csaf_files/OT/white/2018/icsa-18-333-02.json,2019-01-10T00:00:00.000000Z
csaf_files/OT/white/2018/icsa-18-333-01.json,2018-11-29T00:00:00.000000Z
csaf_files/OT/white/2018/icsa-18-331-02.json,2018-12-20T00:00:00.000000Z
csaf_files/OT/white/2018/icsa-18-331-01.json,2018-11-27T00:00:00.000000Z
csaf_files/OT/white/2018/icsa-18-324-02.json,2018-11-20T00:00:00.000000Z
csaf_files/OT/white/2018/icsa-18-324-01.json,2018-11-20T00:00:00.000000Z
csaf_files/OT/white/2018/icsa-18-317-08.json,2020-02-10T00:00:00.000000Z
csaf_files/OT/white/2018/icsa-18-317-07.json,2018-11-13T00:00:00.000000Z
csaf_files/OT/white/2018/icsa-18-317-06.json,2018-11-13T00:00:00.000000Z
csaf_files/OT/white/2018/icsa-18-317-05.json,2020-02-10T00:00:00.000000Z
csaf_files/OT/white/2018/icsa-18-317-04.json,2018-11-13T00:00:00.000000Z
csaf_files/OT/white/2018/icsa-18-317-03.json,2020-02-10T00:00:00.000000Z
csaf_files/OT/white/2018/icsa-18-317-02.json,2023-05-09T00:00:00.000000Z
csaf_files/OT/white/2018/icsa-18-317-01.json,2018-11-13T00:00:00.000000Z
csaf_files/OT/white/2018/icsa-18-310-02.json,2018-12-06T00:00:00.000000Z
csaf_files/OT/white/2018/icsa-18-310-01.json,2019-02-14T00:00:00.000000Z
csaf_files/OT/white/2018/icsa-18-305-04.json,2018-11-01T00:00:00.000000Z
csaf_files/OT/white/2018/icsa-18-305-03.json,2018-11-01T00:00:00.000000Z
csaf_files/OT/white/2018/icsa-18-305-02.json,2018-11-06T00:00:00.000000Z
csaf_files/OT/white/2018/icsa-18-305-01.json,2018-11-01T00:00:00.000000Z
csaf_files/OT/white/2018/icsa-18-303-01.json,2018-10-30T00:00:00.000000Z
csaf_files/OT/white/2018/icsa-18-298-02.json,2018-10-25T00:00:00.000000Z
csaf_files/OT/white/2018/icsa-18-298-01.json,2018-10-25T00:00:00.000000Z
csaf_files/OT/white/2018/icsa-18-296-03.json,2018-10-23T00:00:00.000000Z
csaf_files/OT/white/2018/icsa-18-296-02.json,2018-10-23T00:00:00.000000Z
csaf_files/OT/white/2018/icsa-18-296-01.json,2018-10-23T00:00:00.000000Z
csaf_files/OT/white/2018/icsa-18-290-01.json,2019-01-31T00:00:00.000000Z
csaf_files/OT/white/2018/icsa-18-289-01.json,2018-10-16T00:00:00.000000Z
csaf_files/OT/white/2018/icsa-18-284-03.json,2018-10-11T00:00:00.000000Z
csaf_files/OT/white/2018/icsa-18-284-02.json,2018-11-20T00:00:00.000000Z
csaf_files/OT/white/2018/icsa-18-284-01.json,2018-10-11T00:00:00.000000Z
csaf_files/OT/white/2018/icsa-18-282-07.json,2018-10-09T00:00:00.000000Z
csaf_files/OT/white/2018/icsa-18-282-06.json,2018-10-09T00:00:00.000000Z
csaf_files/OT/white/2018/icsa-18-282-05.json,2020-02-10T00:00:00.000000Z
csaf_files/OT/white/2018/icsa-18-282-04.json,2020-02-10T00:00:00.000000Z
csaf_files/OT/white/2018/icsa-18-282-03.json,2018-10-09T00:00:00.000000Z
csaf_files/OT/white/2018/icsa-18-282-02.json,2018-10-09T00:00:00.000000Z
csaf_files/OT/white/2018/icsa-18-282-01.json,2018-10-09T00:00:00.000000Z
csaf_files/OT/white/2018/icsa-18-277-01.json,2021-11-02T00:00:00.000000Z
csaf_files/OT/white/2018/icsa-18-275-03.json,2018-10-02T00:00:00.000000Z
csaf_files/OT/white/2018/icsa-18-275-02.json,2018-10-02T00:00:00.000000Z
csaf_files/OT/white/2018/icsa-18-275-01.json,2018-10-02T00:00:00.000000Z
csaf_files/OT/white/2018/icsa-18-270-04.json,2018-09-27T00:00:00.000000Z
csaf_files/OT/white/2018/icsa-18-270-03.json,2019-02-14T00:00:00.000000Z
csaf_files/OT/white/2018/icsa-18-270-02.json,2019-02-07T00:00:00.000000Z
csaf_files/OT/white/2018/icsa-18-270-01.json,2018-09-27T00:00:00.000000Z
csaf_files/OT/white/2018/icsa-18-263-02.json,2018-09-20T00:00:00.000000Z
csaf_files/OT/white/2018/icsa-18-263-01.json,2018-09-20T00:00:00.000000Z
csaf_files/OT/white/2018/icsa-18-261-01.json,2018-09-18T00:00:00.000000Z
csaf_files/OT/white/2018/icsa-18-256-01.json,2018-09-13T00:00:00.000000Z
csaf_files/OT/white/2018/icsa-18-254-05.json,2020-02-10T00:00:00.000000Z
csaf_files/OT/white/2018/icsa-18-254-04.json,2018-09-11T00:00:00.000000Z
csaf_files/OT/white/2018/icsa-18-254-03.json,2018-09-11T00:00:00.000000Z
csaf_files/OT/white/2018/icsa-18-254-02.json,2018-09-11T00:00:00.000000Z
csaf_files/OT/white/2018/icsa-18-254-01.json,2018-09-11T00:00:00.000000Z
csaf_files/OT/white/2018/icsa-18-249-01.json,2018-09-06T00:00:00.000000Z
csaf_files/OT/white/2018/icsa-18-247-01.json,2018-09-04T00:00:00.000000Z
csaf_files/OT/white/2018/icsa-18-242-01.json,2018-08-30T00:00:00.000000Z
csaf_files/OT/white/2018/icsa-18-240-04.json,2018-10-02T00:00:00.000000Z
csaf_files/OT/white/2018/icsa-18-240-03.json,2018-08-28T00:00:00.000000Z
csaf_files/OT/white/2018/icsa-18-240-02.json,2018-08-28T00:00:00.000000Z
csaf_files/OT/white/2018/icsa-18-240-01.json,2018-08-28T00:00:00.000000Z
csaf_files/OT/white/2018/icsa-18-233-01.json,2018-08-21T00:00:00.000000Z
csaf_files/OT/white/2018/icsa-18-228-01.json,2018-08-16T00:00:00.000000Z
csaf_files/OT/white/2018/icsa-18-226-03.json,2018-08-07T00:00:00.000000Z
csaf_files/OT/white/2018/icsa-18-226-02.json,2022-09-13T00:00:00.000000Z
csaf_files/OT/white/2018/icsa-18-226-01.json,2018-10-09T00:00:00.000000Z
csaf_files/OT/white/2018/icsa-18-221-02.json,2018-08-09T00:00:00.000000Z
csaf_files/OT/white/2018/icsa-18-221-01.json,2018-08-09T00:00:00.000000Z
csaf_files/OT/white/2018/icsa-18-219-01.json,2018-08-07T00:00:00.000000Z
csaf_files/OT/white/2018/icsa-18-212-05.json,2018-07-31T00:00:00.000000Z
csaf_files/OT/white/2018/icsa-18-212-04.json,2018-07-31T00:00:00.000000Z
csaf_files/OT/white/2018/icsa-18-212-03.json,2018-10-02T00:00:00.000000Z
csaf_files/OT/white/2018/icsa-18-212-02.json,2018-07-31T00:00:00.000000Z
csaf_files/OT/white/2018/icsa-18-212-01.json,2018-07-31T00:00:00.000000Z
csaf_files/OT/white/2018/icsa-18-200-04.json,2018-07-19T00:00:00.000000Z
csaf_files/OT/white/2018/icsa-18-200-03.json,2018-09-18T00:00:00.000000Z
csaf_files/OT/white/2018/icsa-18-200-02.json,2018-07-19T00:00:00.000000Z
csaf_files/OT/white/2018/icsa-18-200-01.json,2018-07-19T00:00:00.000000Z
csaf_files/OT/white/2018/icsa-18-198-03.json,2018-07-17T00:00:00.000000Z
csaf_files/OT/white/2018/icsa-18-198-02.json,2018-07-17T00:00:00.000000Z
csaf_files/OT/white/2018/icsa-18-198-01.json,2018-07-17T00:00:00.000000Z
csaf_files/OT/white/2018/icsa-18-193-01.json,2018-07-12T00:00:00.000000Z
csaf_files/OT/white/2018/icsa-18-191-03.json,2018-08-16T00:00:00.000000Z
csaf_files/OT/white/2018/icsa-18-191-02.json,2018-07-10T00:00:00.000000Z
csaf_files/OT/white/2018/icsa-18-191-01.json,2018-07-10T00:00:00.000000Z
csaf_files/OT/white/2018/icsa-18-184-01.json,2018-07-03T00:00:00.000000Z
csaf_files/OT/white/2018/icsa-18-172-02.json,2018-07-17T00:00:00.000000Z
csaf_files/OT/white/2018/icsa-18-172-01.json,2018-06-21T00:00:00.000000Z
csaf_files/OT/white/2018/icsa-18-165-01.json,2020-12-08T00:00:00.000000Z
csaf_files/OT/white/2018/icsa-18-163-02.json,2022-12-13T00:00:00.000000Z
csaf_files/OT/white/2018/icsa-18-163-01.json,2018-06-12T00:00:00.000000Z
csaf_files/OT/white/2018/icsa-18-158-01.json,2018-06-07T00:00:00.000000Z
csaf_files/OT/white/2018/icsa-18-156-01.json,2018-06-05T00:00:00.000000Z
csaf_files/OT/white/2018/icsa-18-151-03.json,2018-10-11T00:00:00.000000Z
csaf_files/OT/white/2018/icsa-18-151-02.json,2018-05-31T00:00:00.000000Z
csaf_files/OT/white/2018/icsa-18-151-01.json,2018-05-31T00:00:00.000000Z
csaf_files/OT/white/2018/icsa-18-144-01.json,2018-05-24T00:00:00.000000Z
csaf_files/OT/white/2018/icsa-18-142-01.json,2018-08-30T00:00:00.000000Z
csaf_files/OT/white/2018/icsa-18-137-04.json,2018-06-07T00:00:00.000000Z
csaf_files/OT/white/2018/icsa-18-137-03.json,2020-02-10T00:00:00.000000Z
csaf_files/OT/white/2018/icsa-18-137-02.json,2018-05-17T00:00:00.000000Z
csaf_files/OT/white/2018/icsa-18-137-01.json,2018-05-17T00:00:00.000000Z
csaf_files/OT/white/2018/icsa-18-135-01.json,2018-05-15T00:00:00.000000Z
csaf_files/OT/white/2018/icsa-18-130-02.json,2018-05-10T00:00:00.000000Z
csaf_files/OT/white/2018/icsa-18-130-01.json,2018-05-10T00:00:00.000000Z
csaf_files/OT/white/2018/icsa-18-128-03.json,2018-05-03T00:00:00.000000Z
csaf_files/OT/white/2018/icsa-18-128-02.json,2018-05-23T00:00:00.000000Z
csaf_files/OT/white/2018/icsa-18-128-01.json,2020-02-10T00:00:00.000000Z
csaf_files/OT/white/2018/icsa-18-123-01.json,2018-05-03T00:00:00.000000Z
csaf_files/OT/white/2018/icsa-18-116-02.json,2018-04-26T00:00:00.000000Z
csaf_files/OT/white/2018/icsa-18-116-01.json,2018-04-26T00:00:00.000000Z
csaf_files/OT/white/2018/icsa-18-114-03.json,2018-04-24T00:00:00.000000Z
csaf_files/OT/white/2018/icsa-18-114-02.json,2018-04-24T00:00:00.000000Z
csaf_files/OT/white/2018/icsa-18-114-01.json,2018-10-30T00:00:00.000000Z
csaf_files/OT/white/2018/icsa-18-109-01.json,2018-10-09T00:00:00.000000Z
csaf_files/OT/white/2018/icsa-18-107-05.json,2018-04-17T00:00:00.000000Z
csaf_files/OT/white/2018/icsa-18-107-04.json,2018-04-17T00:00:00.000000Z
csaf_files/OT/white/2018/icsa-18-107-03.json,2018-04-17T00:00:00.000000Z
csaf_files/OT/white/2018/icsa-18-107-02.json,2018-12-18T07:00:00.000000Z
csaf_files/OT/white/2018/icsa-18-107-01.json,2018-04-17T00:00:00.000000Z
csaf_files/OT/white/2018/icsa-18-102-02.json,2018-05-31T00:00:00.000000Z
csaf_files/OT/white/2018/icsa-18-102-01.json,2018-04-12T00:00:00.000000Z
csaf_files/OT/white/2018/icsa-18-100-02.json,2018-04-10T00:00:00.000000Z
csaf_files/OT/white/2018/icsa-18-100-01.json,2018-04-10T00:00:00.000000Z
csaf_files/OT/white/2018/icsa-18-095-03.json,2018-04-05T00:00:00.000000Z
csaf_files/OT/white/2018/icsa-18-095-02.json,2018-04-05T00:00:00.000000Z
csaf_files/OT/white/2018/icsa-18-093-01.json,2018-04-03T00:00:00.000000Z
csaf_files/OT/white/2018/icsa-18-088-03.json,2025-05-06T06:00:00.000000Z
csaf_files/OT/white/2018/icsa-18-088-02.json,2020-02-10T00:00:00.000000Z
csaf_files/OT/white/2018/icsa-18-088-01.json,2018-03-29T00:00:00.000000Z
csaf_files/OT/white/2018/icsa-18-086-01.json,2018-03-27T00:00:00.000000Z
csaf_files/OT/white/2018/icsa-18-081-02.json,2018-03-22T00:00:00.000000Z
csaf_files/OT/white/2018/icsa-18-081-01.json,2018-03-20T00:00:00.000000Z
csaf_files/OT/white/2018/icsa-18-079-02.json,2023-05-09T00:00:00.000000Z
csaf_files/OT/white/2018/icsa-18-079-01.json,2018-03-20T00:00:00.000000Z
csaf_files/OT/white/2018/icsa-18-072-04.json,2018-03-13T00:00:00.000000Z
csaf_files/OT/white/2018/icsa-18-072-03.json,2018-03-13T00:00:00.000000Z
csaf_files/OT/white/2018/icsa-18-072-02.json,2018-03-13T00:00:00.000000Z
csaf_files/OT/white/2018/icsa-18-072-01.json,2018-12-20T00:00:00.000000Z
csaf_files/OT/white/2018/icsa-18-067-02.json,2019-02-12T00:00:00.000000Z
csaf_files/OT/white/2018/icsa-18-067-01.json,2025-05-06T06:00:00.000000Z
csaf_files/OT/white/2018/icsa-18-065-03.json,2018-03-06T00:00:00.000000Z
csaf_files/OT/white/2018/icsa-18-065-02.json,2018-03-06T00:00:00.000000Z
csaf_files/OT/white/2018/icsa-18-065-01.json,2018-03-06T00:00:00.000000Z
csaf_files/OT/white/2018/icsa-18-060-03.json,2018-03-01T00:00:00.000000Z
csaf_files/OT/white/2018/icsa-18-060-02.json,2018-03-01T00:00:00.000000Z
csaf_files/OT/white/2018/icsa-18-060-01.json,2018-04-19T00:00:00.000000Z
csaf_files/OT/white/2018/icsa-18-058-03.json,2018-02-27T00:00:00.000000Z
csaf_files/OT/white/2018/icsa-18-058-02.json,2018-02-27T00:00:00.000000Z
csaf_files/OT/white/2018/icsa-18-058-01a.json,2020-02-10T00:00:00.000000Z
csaf_files/OT/white/2018/icsa-18-051-01.json,2018-02-20T00:00:00.000000Z
csaf_files/OT/white/2018/icsa-18-046-04.json,2018-02-15T00:00:00.000000Z
csaf_files/OT/white/2018/icsa-18-046-03.json,2018-02-15T00:00:00.000000Z
csaf_files/OT/white/2018/icsa-18-046-02.json,2018-02-15T00:00:00.000000Z
csaf_files/OT/white/2018/icsa-18-046-01.json,2018-02-15T00:00:00.000000Z
csaf_files/OT/white/2018/icsa-18-044-02.json,2018-02-13T00:00:00.000000Z
csaf_files/OT/white/2018/icsa-18-044-01.json,2018-02-13T00:00:00.000000Z
csaf_files/OT/white/2018/icsa-18-032-03.json,2018-02-01T00:00:00.000000Z
csaf_files/OT/white/2018/icsa-18-032-02.json,2018-02-01T00:00:00.000000Z
csaf_files/OT/white/2018/icsa-18-032-01.json,2018-02-01T00:00:00.000000Z
csaf_files/OT/white/2018/icsa-18-030-02.json,2018-01-30T00:00:00.000000Z
csaf_files/OT/white/2018/icsa-18-030-01.json,2018-01-30T00:00:00.000000Z
csaf_files/OT/white/2018/icsa-18-025-02b.json,2025-05-06T06:00:00.000000Z
csaf_files/OT/white/2018/icsa-18-025-01.json,2018-05-03T00:00:00.000000Z
csaf_files/OT/white/2018/icsa-18-023-02.json,2019-02-12T00:00:00.000000Z
csaf_files/OT/white/2018/icsa-18-023-01.json,2018-01-23T00:00:00.000000Z
csaf_files/OT/white/2018/icsa-18-018-01a.json,2018-02-22T00:00:00.000000Z
csaf_files/OT/white/2018/icsa-18-011-03.json,2018-01-11T00:00:00.000000Z
csaf_files/OT/white/2018/icsa-18-011-02.json,2018-01-11T00:00:00.000000Z
csaf_files/OT/white/2018/icsa-18-011-01.json,2018-01-11T00:00:00.000000Z
csaf_files/OT/white/2018/icsa-18-009-01.json,2018-01-09T00:00:00.000000Z
csaf_files/OT/white/2018/icsa-18-004-02a.json,2018-01-11T00:00:00.000000Z
csaf_files/OT/white/2018/icsa-18-004-01.json,2018-01-04T00:00:00.000000Z
csaf_files/OT/white/2017/icsma-17-332-01.json,2017-11-28T00:00:00.000000Z
csaf_files/OT/white/2017/icsma-17-318-01.json,2017-11-14T00:00:00.000000Z
csaf_files/OT/white/2017/icsma-17-292-01.json,2017-10-19T00:00:00.000000Z
csaf_files/OT/white/2017/icsma-17-255-01.json,2017-09-12T00:00:00.000000Z
csaf_files/OT/white/2017/icsma-17-250-02a.json,2017-12-12T00:00:00.000000Z
csaf_files/OT/white/2017/icsma-17-250-01.json,2017-09-07T00:00:00.000000Z
csaf_files/OT/white/2017/icsma-17-241-01.json,2017-08-29T00:00:00.000000Z
csaf_files/OT/white/2017/icsma-17-229-01.json,2017-08-17T00:00:00.000000Z
csaf_files/OT/white/2017/icsma-17-227-01.json,2017-08-15T00:00:00.000000Z
csaf_files/OT/white/2017/icsma-17-215-02.json,2017-08-03T00:00:00.000000Z
csaf_files/OT/white/2017/icsma-17-215-01.json,2017-08-03T00:00:00.000000Z
csaf_files/OT/white/2017/icsma-17-082-02.json,2017-05-23T00:00:00.000000Z
csaf_files/OT/white/2017/icsma-17-082-01.json,2017-03-23T00:00:00.000000Z
csaf_files/OT/white/2017/icsma-17-017-02.json,2021-03-16T00:00:00.000000Z
csaf_files/OT/white/2017/icsma-17-017-01.json,2017-02-07T00:00:00.000000Z
csaf_files/OT/white/2017/icsma-17-009-01a.json,2017-02-06T00:00:00.000000Z
csaf_files/OT/white/2017/icsa-17-355-02.json,2017-12-21T00:00:00.000000Z
csaf_files/OT/white/2017/icsa-17-355-01.json,2017-12-21T00:00:00.000000Z
csaf_files/OT/white/2017/icsa-17-353-05.json,2017-12-19T00:00:00.000000Z
csaf_files/OT/white/2017/icsa-17-353-04.json,2017-12-19T00:00:00.000000Z
csaf_files/OT/white/2017/icsa-17-353-03.json,2017-12-19T00:00:00.000000Z
csaf_files/OT/white/2017/icsa-17-353-02.json,2017-12-19T00:00:00.000000Z
csaf_files/OT/white/2017/icsa-17-353-01.json,2017-12-19T00:00:00.000000Z
csaf_files/OT/white/2017/icsa-17-341-03.json,2017-12-07T00:00:00.000000Z
csaf_files/OT/white/2017/icsa-17-341-02.json,2017-12-07T00:00:00.000000Z
csaf_files/OT/white/2017/icsa-17-341-01.json,2017-12-07T00:00:00.000000Z
csaf_files/OT/white/2017/icsa-17-339-01.json,2024-07-09T00:00:00.000000Z
csaf_files/OT/white/2017/icsa-17-334-02.json,2017-11-30T00:00:00.000000Z
csaf_files/OT/white/2017/icsa-17-334-01.json,2017-11-30T00:00:00.000000Z
csaf_files/OT/white/2017/icsa-17-332-01.json,2018-05-09T00:00:00.000000Z
csaf_files/OT/white/2017/icsa-17-325-01.json,2017-11-21T00:00:00.000000Z
csaf_files/OT/white/2017/icsa-17-320-02.json,2017-11-16T00:00:00.000000Z
csaf_files/OT/white/2017/icsa-17-320-01.json,2017-11-16T00:00:00.000000Z
csaf_files/OT/white/2017/icsa-17-318-02a.json,2018-02-15T00:00:00.000000Z
csaf_files/OT/white/2017/icsa-17-318-01.json,2019-04-09T00:00:00.000000Z
csaf_files/OT/white/2017/icsa-17-313-02.json,2017-11-09T00:00:00.000000Z
csaf_files/OT/white/2017/icsa-17-313-01.json,2018-07-24T00:00:00.000000Z
csaf_files/OT/white/2017/icsa-17-306-02.json,2017-11-02T00:00:00.000000Z
csaf_files/OT/white/2017/icsa-17-306-01.json,2018-06-12T00:00:00.000000Z
csaf_files/OT/white/2017/icsa-17-304-02.json,2017-10-31T00:00:00.000000Z
csaf_files/OT/white/2017/icsa-17-304-01.json,2017-10-31T00:00:00.000000Z
csaf_files/OT/white/2017/icsa-17-299-02.json,2018-11-01T00:00:00.000000Z
csaf_files/OT/white/2017/icsa-17-299-01.json,2017-10-26T00:00:00.000000Z
csaf_files/OT/white/2017/icsa-17-292-01.json,2017-10-19T00:00:00.000000Z
csaf_files/OT/white/2017/icsa-17-290-01.json,2017-10-17T00:00:00.000000Z
csaf_files/OT/white/2017/icsa-17-285-05.json,2022-06-14T00:00:00.000000Z
csaf_files/OT/white/2017/icsa-17-285-04a.json,2018-02-01T00:00:00.000000Z
csaf_files/OT/white/2017/icsa-17-285-03.json,2017-10-12T00:00:00.000000Z
csaf_files/OT/white/2017/icsa-17-285-02.json,2017-10-12T00:00:00.000000Z
csaf_files/OT/white/2017/icsa-17-285-01.json,2017-10-12T00:00:00.000000Z
csaf_files/OT/white/2017/icsa-17-283-02.json,2017-10-10T00:00:00.000000Z
csaf_files/OT/white/2017/icsa-17-283-01.json,2017-10-10T00:00:00.000000Z
csaf_files/OT/white/2017/icsa-17-278-02.json,2017-10-05T00:00:00.000000Z
csaf_files/OT/white/2017/icsa-17-278-01a.json,2017-10-10T00:00:00.000000Z
csaf_files/OT/white/2017/icsa-17-271-01b.json,2018-02-22T00:00:00.000000Z
csaf_files/OT/white/2017/icsa-17-264-04.json,2017-09-21T00:00:00.000000Z
csaf_files/OT/white/2017/icsa-17-264-03.json,2017-09-21T00:00:00.000000Z
csaf_files/OT/white/2017/icsa-17-264-02.json,2017-09-21T00:00:00.000000Z
csaf_files/OT/white/2017/icsa-17-264-01.json,2017-09-21T00:00:00.000000Z
csaf_files/OT/white/2017/icsa-17-262-01.json,2017-09-19T00:00:00.000000Z
csaf_files/OT/white/2017/icsa-17-257-01.json,2017-09-14T00:00:00.000000Z
csaf_files/OT/white/2017/icsa-17-255-01.json,2017-09-12T00:00:00.000000Z
csaf_files/OT/white/2017/icsa-17-250-02.json,2017-09-07T00:00:00.000000Z
csaf_files/OT/white/2017/icsa-17-250-01.json,2017-09-07T00:00:00.000000Z
csaf_files/OT/white/2017/icsa-17-243-05.json,2017-08-31T00:00:00.000000Z
csaf_files/OT/white/2017/icsa-17-243-04.json,2017-08-31T00:00:00.000000Z
csaf_files/OT/white/2017/icsa-17-243-03.json,2017-08-31T00:00:00.000000Z
csaf_files/OT/white/2017/icsa-17-243-02.json,2020-12-08T00:00:00.000000Z
csaf_files/OT/white/2017/icsa-17-243-01.json,2025-05-06T06:00:00.000000Z
csaf_files/OT/white/2017/icsa-17-241-02.json,2017-08-29T00:00:00.000000Z
csaf_files/OT/white/2017/icsa-17-241-01.json,2017-08-29T00:00:00.000000Z
csaf_files/OT/white/2017/icsa-17-236-01.json,2017-08-24T00:00:00.000000Z
csaf_files/OT/white/2017/icsa-17-234-05.json,2017-09-21T00:00:00.000000Z
csaf_files/OT/white/2017/icsa-17-234-04.json,2018-01-09T00:00:00.000000Z
csaf_files/OT/white/2017/icsa-17-234-03.json,2017-08-22T00:00:00.000000Z
csaf_files/OT/white/2017/icsa-17-234-02.json,2017-08-22T00:00:00.000000Z
csaf_files/OT/white/2017/icsa-17-234-01.json,2017-08-22T00:00:00.000000Z
csaf_files/OT/white/2017/icsa-17-227-01.json,2017-08-15T00:00:00.000000Z
csaf_files/OT/white/2017/icsa-17-222-05.json,2017-08-10T00:00:00.000000Z
csaf_files/OT/white/2017/icsa-17-222-04.json,2017-08-10T00:00:00.000000Z
csaf_files/OT/white/2017/icsa-17-222-03.json,2017-08-10T00:00:00.000000Z
csaf_files/OT/white/2017/icsa-17-222-02.json,2017-08-10T00:00:00.000000Z
csaf_files/OT/white/2017/icsa-17-222-01.json,2017-08-10T00:00:00.000000Z
csaf_files/OT/white/2017/icsa-17-220-02.json,2017-08-08T00:00:00.000000Z
csaf_files/OT/white/2017/icsa-17-220-01.json,2017-08-08T00:00:00.000000Z
csaf_files/OT/white/2017/icsa-17-215-01.json,2017-08-03T00:00:00.000000Z
csaf_files/OT/white/2017/icsa-17-213-01.json,2017-08-01T00:00:00.000000Z
csaf_files/OT/white/2017/icsa-17-208-04.json,2017-08-24T00:00:00.000000Z
csaf_files/OT/white/2017/icsa-17-208-03.json,2017-07-27T00:00:00.000000Z
csaf_files/OT/white/2017/icsa-17-208-02.json,2017-07-27T00:00:00.000000Z
csaf_files/OT/white/2017/icsa-17-208-01.json,2017-07-27T00:00:00.000000Z
csaf_files/OT/white/2017/icsa-17-201-01.json,2017-07-20T00:00:00.000000Z
csaf_files/OT/white/2017/icsa-17-194-03.json,2017-07-13T00:00:00.000000Z
csaf_files/OT/white/2017/icsa-17-194-01.json,2017-07-13T00:00:00.000000Z
csaf_files/OT/white/2017/icsa-17-192-06.json,2017-07-11T00:00:00.000000Z
csaf_files/OT/white/2017/icsa-17-192-04.json,2017-07-11T00:00:00.000000Z
csaf_files/OT/white/2017/icsa-17-192-03.json,2017-07-11T00:00:00.000000Z
csaf_files/OT/white/2017/icsa-17-192-02.json,2017-07-11T00:00:00.000000Z
csaf_files/OT/white/2017/icsa-17-192-01.json,2017-07-11T00:00:00.000000Z
csaf_files/OT/white/2017/icsa-17-187-05.json,2017-07-06T00:00:00.000000Z
csaf_files/OT/white/2017/icsa-17-187-04.json,2017-07-06T00:00:00.000000Z
csaf_files/OT/white/2017/icsa-17-187-03f.json,2018-06-12T00:00:00.000000Z
csaf_files/OT/white/2017/icsa-17-187-02.json,2017-07-06T00:00:00.000000Z
csaf_files/OT/white/2017/icsa-17-187-01.json,2017-07-06T00:00:00.000000Z
csaf_files/OT/white/2017/icsa-17-180-03.json,2017-06-29T00:00:00.000000Z
csaf_files/OT/white/2017/icsa-17-180-02.json,2019-01-08T00:00:00.000000Z
csaf_files/OT/white/2017/icsa-17-180-01a.json,2017-07-11T00:00:00.000000Z
csaf_files/OT/white/2017/icsa-17-178-01.json,2017-06-27T00:00:00.000000Z
csaf_files/OT/white/2017/icsa-17-173-02.json,2017-06-22T00:00:00.000000Z
csaf_files/OT/white/2017/icsa-17-173-01.json,2017-06-22T00:00:00.000000Z
csaf_files/OT/white/2017/icsa-17-171-01.json,2017-06-20T00:00:00.000000Z
csaf_files/OT/white/2017/icsa-17-166-01.json,2017-06-15T00:00:00.000000Z
csaf_files/OT/white/2017/icsa-17-164-03.json,2017-06-13T00:00:00.000000Z
csaf_files/OT/white/2017/icsa-17-164-02.json,2017-06-13T00:00:00.000000Z
csaf_files/OT/white/2017/icsa-17-164-01.json,2017-06-13T00:00:00.000000Z
csaf_files/OT/white/2017/icsa-17-157-02.json,2017-06-06T00:00:00.000000Z
csaf_files/OT/white/2017/icsa-17-157-01.json,2017-06-06T00:00:00.000000Z
csaf_files/OT/white/2017/icsa-17-152-02.json,2017-07-25T00:00:00.000000Z
csaf_files/OT/white/2017/icsa-17-152-01.json,2017-06-01T00:00:00.000000Z
csaf_files/OT/white/2017/icsa-17-150-01.json,2017-08-31T00:00:00.000000Z
csaf_files/OT/white/2017/icsa-17-143-01.json,2017-05-23T00:00:00.000000Z
csaf_files/OT/white/2017/icsa-17-138-03.json,2017-07-18T00:00:00.000000Z
csaf_files/OT/white/2017/icsa-17-138-02.json,2017-05-18T00:00:00.000000Z
csaf_files/OT/white/2017/icsa-17-138-01.json,2017-05-18T00:00:00.000000Z
csaf_files/OT/white/2017/icsa-17-136-04.json,2017-05-16T00:00:00.000000Z
csaf_files/OT/white/2017/icsa-17-136-03.json,2017-05-16T00:00:00.000000Z
csaf_files/OT/white/2017/icsa-17-136-02.json,2017-05-16T00:00:00.000000Z
csaf_files/OT/white/2017/icsa-17-136-01.json,2017-05-16T00:00:00.000000Z
csaf_files/OT/white/2017/icsa-17-131-02.json,2017-05-11T00:00:00.000000Z
csaf_files/OT/white/2017/icsa-17-131-01.json,2017-05-11T00:00:00.000000Z
csaf_files/OT/white/2017/icsa-17-129-03.json,2017-05-09T00:00:00.000000Z
csaf_files/OT/white/2017/icsa-17-129-02.json,2024-09-10T00:00:00.000000Z
csaf_files/OT/white/2017/icsa-17-129-01.json,2019-10-08T00:00:00.000000Z
csaf_files/OT/white/2017/icsa-17-124-03.json,2017-05-04T00:00:00.000000Z
csaf_files/OT/white/2017/icsa-17-124-02.json,2017-05-04T00:00:00.000000Z
csaf_files/OT/white/2017/icsa-17-124-01.json,2017-05-04T00:00:00.000000Z
csaf_files/OT/white/2017/icsa-17-122-03.json,2017-05-02T00:00:00.000000Z
csaf_files/OT/white/2017/icsa-17-122-02.json,2017-05-02T00:00:00.000000Z
csaf_files/OT/white/2017/icsa-17-122-01.json,2017-05-02T00:00:00.000000Z
csaf_files/OT/white/2017/icsa-17-117-01b.json,2017-07-25T00:00:00.000000Z
csaf_files/OT/white/2017/icsa-17-115-04.json,2017-05-23T00:00:00.000000Z
csaf_files/OT/white/2017/icsa-17-115-03.json,2017-04-25T00:00:00.000000Z
csaf_files/OT/white/2017/icsa-17-115-02.json,2017-04-25T00:00:00.000000Z
csaf_files/OT/white/2017/icsa-17-115-01.json,2017-04-25T00:00:00.000000Z
csaf_files/OT/white/2017/icsa-17-103-02a.json,2017-07-20T00:00:00.000000Z
csaf_files/OT/white/2017/icsa-17-103-01.json,2017-04-13T00:00:00.000000Z
csaf_files/OT/white/2017/icsa-17-101-01.json,2017-04-11T00:00:00.000000Z
csaf_files/OT/white/2017/icsa-17-096-01a.json,2017-04-27T00:00:00.000000Z
csaf_files/OT/white/2017/icsa-17-094-05.json,2017-05-04T00:00:00.000000Z
csaf_files/OT/white/2017/icsa-17-094-03.json,2017-04-04T00:00:00.000000Z
csaf_files/OT/white/2017/icsa-17-094-02b.json,2017-10-12T00:00:00.000000Z
csaf_files/OT/white/2017/icsa-17-094-01.json,2017-04-04T00:00:00.000000Z
csaf_files/OT/white/2017/icsa-17-089-02.json,2017-03-30T00:00:00.000000Z
csaf_files/OT/white/2017/icsa-17-089-01.json,2017-03-30T00:00:00.000000Z
csaf_files/OT/white/2017/icsa-17-087-02.json,2017-03-28T00:00:00.000000Z
csaf_files/OT/white/2017/icsa-17-087-01.json,2017-03-28T00:00:00.000000Z
csaf_files/OT/white/2017/icsa-17-082-01.json,2017-03-23T00:00:00.000000Z
csaf_files/OT/white/2017/icsa-17-075-01.json,2017-03-16T00:00:00.000000Z
csaf_files/OT/white/2017/icsa-17-073-01.json,2017-03-14T00:00:00.000000Z
csaf_files/OT/white/2017/icsa-17-068-01.json,2017-03-09T00:00:00.000000Z
csaf_files/OT/white/2017/icsa-17-066-01.json,2017-03-07T00:00:00.000000Z
csaf_files/OT/white/2017/icsa-17-061-03.json,2017-03-02T00:00:00.000000Z
csaf_files/OT/white/2017/icsa-17-061-02.json,2017-03-02T00:00:00.000000Z
csaf_files/OT/white/2017/icsa-17-061-01.json,2017-03-02T00:00:00.000000Z
csaf_files/OT/white/2017/icsa-17-059-01.json,2017-02-28T00:00:00.000000Z
csaf_files/OT/white/2017/icsa-17-054-03.json,2019-01-10T00:00:00.000000Z
csaf_files/OT/white/2017/icsa-17-054-02.json,2017-02-23T00:00:00.000000Z
csaf_files/OT/white/2017/icsa-17-054-01.json,2017-02-23T00:00:00.000000Z
csaf_files/OT/white/2017/icsa-17-047-02.json,2017-03-21T00:00:00.000000Z
csaf_files/OT/white/2017/icsa-17-047-01.json,2017-03-21T00:00:00.000000Z
csaf_files/OT/white/2017/icsa-17-045-03.json,2018-06-12T00:00:00.000000Z
csaf_files/OT/white/2017/icsa-17-045-02.json,2017-02-14T00:00:00.000000Z
csaf_files/OT/white/2017/icsa-17-045-01.json,2017-02-14T00:00:00.000000Z
csaf_files/OT/white/2017/icsa-17-040-01.json,2017-02-09T00:00:00.000000Z
csaf_files/OT/white/2017/icsa-17-038-01.json,2017-02-07T00:00:00.000000Z
csaf_files/OT/white/2017/icsa-17-033-01.json,2017-02-02T00:00:00.000000Z
csaf_files/OT/white/2017/icsa-17-031-02.json,2017-01-31T00:00:00.000000Z
csaf_files/OT/white/2017/icsa-17-031-01a.json,2017-02-07T00:00:00.000000Z
csaf_files/OT/white/2017/icsa-17-026-02a.json,2017-04-18T00:00:00.000000Z
csaf_files/OT/white/2017/icsa-17-026-01.json,2017-01-26T00:00:00.000000Z
csaf_files/OT/white/2017/icsa-17-024-01.json,2017-01-24T00:00:00.000000Z
csaf_files/OT/white/2017/icsa-17-019-01a.json,2017-04-13T00:00:00.000000Z
csaf_files/OT/white/2017/icsa-17-017-01.json,2017-01-17T00:00:00.000000Z
csaf_files/OT/white/2017/icsa-17-012-03.json,2017-01-12T00:00:00.000000Z
csaf_files/OT/white/2017/icsa-17-012-02.json,2017-01-12T00:00:00.000000Z
csaf_files/OT/white/2017/icsa-17-012-01.json,2017-01-12T00:00:00.000000Z
csaf_files/OT/white/2017/icsa-17-010-01a.json,2017-07-11T00:00:00.000000Z
csaf_files/OT/white/2016/icsma-16-306-01.json,2025-06-05T21:56:42.285844Z
csaf_files/OT/white/2016/icsma-16-279-01.json,2025-06-05T22:05:39.885072Z
csaf_files/OT/white/2016/icsa-16-357-02.json,2025-06-05T22:05:33.606250Z
csaf_files/OT/white/2016/icsa-16-357-01.json,2025-06-05T22:05:19.325133Z
csaf_files/OT/white/2016/icsa-16-355-01.json,2025-06-05T22:05:04.729768Z
csaf_files/OT/white/2016/icsa-16-350-02.json,2025-06-05T22:04:46.712389Z
csaf_files/OT/white/2016/icsa-16-350-01.json,2025-06-05T22:04:36.703364Z
csaf_files/OT/white/2016/icsa-16-348-04.json,2025-06-05T22:04:30.476125Z
csaf_files/OT/white/2016/icsa-16-348-03.json,2025-06-05T22:04:14.714722Z
csaf_files/OT/white/2016/icsa-16-348-02.json,2025-06-05T22:04:01.652622Z
csaf_files/OT/white/2016/icsa-16-348-01.json,2025-06-05T22:03:49.178165Z
csaf_files/OT/white/2016/icsa-16-343-03.json,2025-06-05T22:03:42.940815Z
csaf_files/OT/white/2016/icsa-16-343-02.json,2025-06-05T22:03:36.733125Z
csaf_files/OT/white/2016/icsa-16-343-01.json,2025-06-17T16:50:00.161907Z
csaf_files/OT/white/2016/icsa-16-341-01.json,2025-06-05T22:03:30.461381Z
csaf_files/OT/white/2016/icsa-16-336-04.json,2025-06-05T21:53:15.951469Z
csaf_files/OT/white/2016/icsa-16-336-03.json,2025-06-05T22:03:18.001347Z
csaf_files/OT/white/2016/icsa-16-336-02a.json,2025-06-05T21:49:24.949030Z
csaf_files/OT/white/2016/icsa-16-336-01a.json,2025-06-05T21:54:43.517387Z
csaf_files/OT/white/2016/icsa-16-334-03.json,2025-06-05T22:03:11.738502Z
csaf_files/OT/white/2016/icsa-16-334-02.json,2025-06-05T21:56:36.069112Z
csaf_files/OT/white/2016/icsa-16-334-01.json,2025-06-05T22:03:05.507055Z
csaf_files/OT/white/2016/icsa-16-322-02.json,2025-06-05T22:02:46.777740Z
csaf_files/OT/white/2016/icsa-16-322-01.json,2025-06-05T22:02:40.536934Z
csaf_files/OT/white/2016/icsa-16-320-01.json,2025-06-05T22:02:15.149456Z
csaf_files/OT/white/2016/icsa-16-315-01b.json,2025-06-05T22:02:08.926022Z
csaf_files/OT/white/2016/icsa-16-313-03.json,2025-06-05T22:02:02.695028Z
csaf_files/OT/white/2016/icsa-16-313-01.json,2025-06-05T22:01:49.839605Z
csaf_files/OT/white/2016/icsa-16-308-02b.json,2025-06-05T22:01:37.316376Z
csaf_files/OT/white/2016/icsa-16-308-01.json,2025-06-05T22:01:24.817023Z
csaf_files/OT/white/2016/icsa-16-306-03.json,2025-06-05T22:01:18.546151Z
csaf_files/OT/white/2016/icsa-16-306-02.json,2025-06-26T14:48:20.911473Z
csaf_files/OT/white/2016/icsa-16-306-01.json,2025-06-05T22:01:05.732440Z
csaf_files/OT/white/2016/icsa-16-301-01.json,2025-06-05T22:00:59.524749Z
csaf_files/OT/white/2016/icsa-16-299-01.json,2025-06-05T22:00:53.302460Z
csaf_files/OT/white/2016/icsa-16-294-01.json,2025-06-05T22:00:47.061524Z
csaf_files/OT/white/2016/icsa-16-292-01.json,2025-06-05T22:00:40.751040Z
csaf_files/OT/white/2016/icsa-16-287-07a.json,2025-06-26T14:47:55.479923Z
csaf_files/OT/white/2016/icsa-16-287-06.json,2025-06-05T21:59:56.623803Z
csaf_files/OT/white/2016/icsa-16-287-04.json,2025-06-05T21:59:31.113649Z
csaf_files/OT/white/2016/icsa-16-287-03.json,2025-06-05T21:56:54.919275Z
csaf_files/OT/white/2016/icsa-16-287-02.json,2025-06-05T21:59:12.415634Z
csaf_files/OT/white/2016/icsa-16-287-01.json,2025-06-05T21:56:04.663419Z
csaf_files/OT/white/2016/icsa-16-278-02.json,2025-06-09T17:26:21.351731Z
csaf_files/OT/white/2016/icsa-16-278-01.json,2025-06-09T17:26:15.107305Z
csaf_files/OT/white/2016/icsa-16-273-01.json,2025-06-09T17:26:02.661948Z
csaf_files/OT/white/2016/icsa-16-271-01.json,2025-06-09T17:25:56.431711Z
csaf_files/OT/white/2016/icsa-16-264-01.json,2025-06-09T17:25:49.863879Z
csaf_files/OT/white/2016/icsa-16-259-03.json,2025-06-09T17:25:43.638859Z
csaf_files/OT/white/2016/icsa-16-259-02.json,2025-06-09T17:25:37.418487Z
csaf_files/OT/white/2016/icsa-16-259-01.json,2025-06-09T17:25:31.208192Z
csaf_files/OT/white/2016/icsa-16-252-01.json,2025-06-09T17:25:24.979586Z
csaf_files/OT/white/2016/icsa-16-250-01.json,2025-06-09T17:25:06.309002Z
csaf_files/OT/white/2016/icsa-16-236-01a.json,2025-06-09T17:24:47.614316Z
csaf_files/OT/white/2016/icsa-16-231-01.json,2025-06-25T18:13:39.538321Z
csaf_files/OT/white/2016/icsa-16-231-01-0.json,2025-06-25T18:13:45.800180Z
csaf_files/OT/white/2016/icsa-16-224-02a.json,2025-06-09T17:24:28.897472Z
csaf_files/OT/white/2016/icsa-16-224-01.json,2025-06-09T17:24:22.668983Z
csaf_files/OT/white/2016/icsa-16-215-02a.json,2025-06-09T17:24:16.438062Z
csaf_files/OT/white/2016/icsa-16-215-01.json,2025-06-09T17:24:09.907471Z
csaf_files/OT/white/2016/icsa-16-208-03.json,2025-06-09T17:24:03.623977Z
csaf_files/OT/white/2016/icsa-16-208-02.json,2025-06-09T17:23:57.388610Z
csaf_files/OT/white/2016/icsa-16-208-01c.json,2025-06-25T18:13:26.602224Z
csaf_files/OT/white/2016/icsa-16-196-03.json,2025-06-09T17:23:38.592319Z
csaf_files/OT/white/2016/icsa-16-196-02.json,2025-06-09T17:23:32.371585Z
csaf_files/OT/white/2016/icsa-16-194-02.json,2025-06-09T17:23:26.098354Z
csaf_files/OT/white/2016/icsa-16-194-01.json,2025-06-09T17:23:07.404201Z
csaf_files/OT/white/2016/icsa-16-189-02.json,2025-06-09T17:23:01.168936Z
csaf_files/OT/white/2016/icsa-16-189-01.json,2025-06-25T15:02:08.772345Z
csaf_files/OT/white/2016/icsa-16-187-01.json,2025-06-09T17:22:48.711804Z
csaf_files/OT/white/2016/icsa-16-182-02b.json,2025-06-09T17:22:36.258239Z
csaf_files/OT/white/2016/icsa-16-182-01.json,2025-06-09T17:22:23.490004Z
csaf_files/OT/white/2016/icsa-16-175-03.json,2025-06-09T17:22:04.840219Z
csaf_files/OT/white/2016/icsa-16-175-01.json,2025-06-09T17:21:58.604196Z
csaf_files/OT/white/2016/icsa-16-173-03.json,2025-06-09T17:21:46.144304Z
csaf_files/OT/white/2016/icsa-16-173-02.json,2025-06-09T17:21:39.931685Z
csaf_files/OT/white/2016/icsa-16-173-01a.json,2025-06-09T17:21:20.975954Z
csaf_files/OT/white/2016/icsa-16-168-01.json,2025-06-09T17:21:14.745293Z
csaf_files/OT/white/2016/icsa-16-166-02.json,2025-06-09T17:21:08.204759Z
csaf_files/OT/white/2016/icsa-16-166-01.json,2025-06-09T17:21:01.997483Z
csaf_files/OT/white/2016/icsa-16-161-02.json,2025-06-09T17:20:55.764569Z
csaf_files/OT/white/2016/icsa-16-161-01.json,2025-06-09T17:20:49.461799Z
csaf_files/OT/white/2016/icsa-16-159-01.json,2025-06-05T21:43:47.676659Z
csaf_files/OT/white/2016/icsa-16-154-01.json,2025-06-05T21:43:41.444616Z
csaf_files/OT/white/2016/icsa-16-152-02.json,2025-06-05T21:43:16.497857Z
csaf_files/OT/white/2016/icsa-16-152-01.json,2025-06-05T21:43:10.285237Z
csaf_files/OT/white/2016/icsa-16-147-03.json,2025-06-05T21:43:04.061979Z
csaf_files/OT/white/2016/icsa-16-147-02.json,2025-06-05T21:42:57.849367Z
csaf_files/OT/white/2016/icsa-16-147-01b.json,2025-06-05T21:42:45.384997Z
csaf_files/OT/white/2016/icsa-16-145-01a.json,2025-06-20T18:15:20.614865Z
csaf_files/OT/white/2016/icsa-16-140-02.json,2025-06-05T21:42:14.185644Z
csaf_files/OT/white/2016/icsa-16-140-01a.json,2025-06-05T21:42:01.240546Z
csaf_files/OT/white/2016/icsa-16-138-01a.json,2025-06-05T21:41:55.027480Z
csaf_files/OT/white/2016/icsa-16-133-01a.json,2025-06-05T21:41:29.855368Z
csaf_files/OT/white/2016/icsa-16-131-01.json,2025-06-05T21:41:04.960389Z
csaf_files/OT/white/2016/icsa-16-126-01.json,2025-06-05T21:40:52.513486Z
csaf_files/OT/white/2016/icsa-16-105-03.json,2025-06-05T21:40:02.682378Z
csaf_files/OT/white/2016/icsa-16-105-02.json,2025-06-05T21:39:50.227619Z
csaf_files/OT/white/2016/icsa-16-105-01.json,2025-06-05T21:39:44.005014Z
csaf_files/OT/white/2016/icsa-16-103-03c.json,2025-06-05T21:39:37.691594Z
csaf_files/OT/white/2016/icsa-16-103-02.json,2025-06-05T21:39:31.467405Z
csaf_files/OT/white/2016/icsa-16-103-01c.json,2025-06-05T21:39:25.169040Z
csaf_files/OT/white/2016/icsa-16-096-01.json,2025-06-05T21:39:00.224867Z
csaf_files/OT/white/2016/icsa-16-091-01.json,2025-06-05T21:38:53.967020Z
csaf_files/OT/white/2016/icsa-16-084-01.json,2025-06-05T21:38:47.730754Z
csaf_files/OT/white/2016/icsa-16-082-01a.json,2025-06-05T21:38:41.495940Z
csaf_files/OT/white/2016/icsa-16-077-01a.json,2025-06-05T21:38:35.243611Z
csaf_files/OT/white/2016/icsa-16-075-01.json,2025-06-05T21:38:29.015812Z
csaf_files/OT/white/2016/icsa-16-070-02a.json,2025-06-05T21:38:22.775325Z
csaf_files/OT/white/2016/icsa-16-070-01.json,2025-06-05T21:38:16.518332Z
csaf_files/OT/white/2016/icsa-16-063-01.json,2025-06-05T21:38:04.104993Z
csaf_files/OT/white/2016/icsa-16-061-03.json,2025-06-05T21:37:51.714610Z
csaf_files/OT/white/2016/icsa-16-061-02.json,2025-06-05T21:37:45.425599Z
csaf_files/OT/white/2016/icsa-16-061-01.json,2025-06-05T21:37:39.217752Z
csaf_files/OT/white/2016/icsa-16-056-01.json,2025-06-05T21:37:32.767943Z
csaf_files/OT/white/2016/icsa-16-049-02a.json,2025-06-05T21:37:20.275376Z
csaf_files/OT/white/2016/icsa-16-049-01.json,2025-06-05T21:37:14.043505Z
csaf_files/OT/white/2016/icsa-16-042-01a.json,2025-06-05T21:36:42.937829Z
csaf_files/OT/white/2016/icsa-16-040-02.json,2025-06-05T21:36:30.466787Z
csaf_files/OT/white/2016/icsa-16-040-01.json,2025-06-05T21:36:05.594352Z
csaf_files/OT/white/2016/icsa-16-033-02.json,2025-06-05T21:35:53.140871Z
csaf_files/OT/white/2016/icsa-16-033-01.json,2025-06-05T21:35:34.424132Z
csaf_files/OT/white/2016/icsa-16-028-01a.json,2025-06-05T21:35:27.841677Z
csaf_files/OT/white/2016/icsa-16-026-02.json,2025-06-09T16:32:57.382277Z
csaf_files/OT/white/2016/icsa-16-026-01.json,2025-06-09T16:32:51.175680Z
csaf_files/OT/white/2016/icsa-16-021-01.json,2025-06-05T21:52:44.779814Z
csaf_files/OT/white/2016/icsa-16-019-01.json,2025-06-09T16:32:44.948067Z
csaf_files/OT/white/2016/icsa-16-014-01.json,2025-06-09T16:31:10.642130Z
csaf_files/OT/white/2015/icsa-15-356-01.json,2025-06-09T16:30:45.504574Z
csaf_files/OT/white/2015/icsa-15-351-03.json,2025-06-09T16:30:08.163522Z
csaf_files/OT/white/2015/icsa-15-351-02.json,2025-06-09T16:29:55.412118Z
csaf_files/OT/white/2015/icsa-15-351-01.json,2025-06-09T16:29:49.200182Z
csaf_files/OT/white/2015/icsa-15-349-01.json,2025-06-09T16:29:24.204966Z
csaf_files/OT/white/2015/icsa-15-344-02.json,2025-06-09T16:29:17.938829Z
csaf_files/OT/white/2015/icsa-15-344-01b.json,2025-06-09T16:28:52.618727Z
csaf_files/OT/white/2015/icsa-15-342-02.json,2025-06-09T16:28:46.089562Z
csaf_files/OT/white/2015/icsa-15-342-01c.json,2025-06-05T21:58:47.508743Z
csaf_files/OT/white/2015/icsa-15-337-03.json,2025-06-09T16:28:39.850718Z
csaf_files/OT/white/2015/icsa-15-337-02.json,2025-06-09T16:28:33.444166Z
csaf_files/OT/white/2015/icsa-15-337-01.json,2025-06-09T16:28:27.223837Z
csaf_files/OT/white/2015/icsa-15-335-03.json,2025-07-08T00:00:00.000000Z
csaf_files/OT/white/2015/icsa-15-335-02.json,2025-06-25T15:02:02.107190Z
csaf_files/OT/white/2015/icsa-15-328-01.json,2025-06-09T16:28:04.742080Z
csaf_files/OT/white/2015/icsa-15-323-01.json,2025-06-09T16:27:52.277295Z
csaf_files/OT/white/2015/icsa-15-321-01.json,2025-06-09T16:27:45.949280Z
csaf_files/OT/white/2015/icsa-15-309-02.json,2025-06-09T16:27:33.405162Z
csaf_files/OT/white/2015/icsa-15-309-01.json,2025-06-09T16:27:27.090625Z
csaf_files/OT/white/2015/icsa-15-300-03a.json,2025-06-09T16:26:55.984078Z
csaf_files/OT/white/2015/icsa-15-300-02a.json,2025-06-09T16:26:12.022061Z
csaf_files/OT/white/2015/icsa-15-300-01.json,2025-06-09T16:26:05.782495Z
csaf_files/OT/white/2015/icsa-15-295-01.json,2025-06-09T16:25:59.550069Z
csaf_files/OT/white/2015/icsa-15-293-03.json,2025-06-09T16:25:53.323160Z
csaf_files/OT/white/2015/icsa-15-293-02.json,2025-06-09T16:25:34.578936Z
csaf_files/OT/white/2015/icsa-15-293-01.json,2025-06-09T16:25:28.331705Z
csaf_files/OT/white/2015/icsa-15-288-01.json,2025-06-09T16:25:22.103595Z
csaf_files/OT/white/2015/icsa-15-286-01.json,2025-06-09T16:25:15.861787Z
csaf_files/OT/white/2015/icsa-15-274-02a.json,2025-06-09T16:24:57.129200Z
csaf_files/OT/white/2015/icsa-15-274-01.json,2025-06-09T16:24:38.133706Z
csaf_files/OT/white/2015/icsa-15-272-01.json,2025-06-09T16:24:31.906369Z
csaf_files/OT/white/2015/icsa-15-267-01.json,2025-06-09T16:24:25.686094Z
csaf_files/OT/white/2015/icsa-15-265-03.json,2025-06-09T16:23:41.261527Z
csaf_files/OT/white/2015/icsa-15-265-02.json,2025-06-09T16:23:22.529805Z
csaf_files/OT/white/2015/icsa-15-265-01.json,2025-06-09T16:23:10.053523Z
csaf_files/OT/white/2015/icsa-15-260-01.json,2025-06-09T16:23:03.824948Z
csaf_files/OT/white/2015/icsa-15-258-04.json,2025-06-09T16:22:57.599223Z
csaf_files/OT/white/2015/icsa-15-258-03.json,2025-06-05T21:54:12.344535Z
csaf_files/OT/white/2015/icsa-15-258-01.json,2025-06-05T21:57:20.047982Z
csaf_files/OT/white/2015/icsa-15-253-01.json,2025-06-06T16:09:40.885670Z
csaf_files/OT/white/2015/icsa-15-251-01a.json,2025-06-06T16:08:29.333916Z
csaf_files/OT/white/2015/icsa-15-246-03.json,2025-06-06T16:10:26.107916Z
csaf_files/OT/white/2015/icsa-15-246-02.json,2025-06-06T16:10:13.250913Z
csaf_files/OT/white/2015/icsa-15-246-01.json,2025-06-06T16:07:24.191912Z
csaf_files/OT/white/2015/icsa-15-244-01.json,2025-06-06T16:10:32.525653Z
csaf_files/OT/white/2015/icsa-15-239-03.json,2025-06-06T16:09:34.476889Z
csaf_files/OT/white/2015/icsa-15-239-02.json,2025-06-06T16:08:35.760091Z
csaf_files/OT/white/2015/icsa-15-239-01.json,2025-06-06T16:10:00.281281Z
csaf_files/OT/white/2015/icsa-15-237-02.json,2025-06-09T16:22:51.381445Z
csaf_files/OT/white/2015/icsa-15-237-01.json,2025-06-06T16:08:22.636411Z
csaf_files/OT/white/2015/icsa-15-232-01.json,2025-06-09T16:22:44.799609Z
csaf_files/OT/white/2015/icsa-15-223-01.json,2025-06-06T21:43:55.748554Z
csaf_files/OT/white/2015/icsa-15-211-01.json,2025-06-06T21:43:48.989760Z
csaf_files/OT/white/2015/icsa-15-202-03b.json,2025-06-06T21:43:42.534859Z
csaf_files/OT/white/2015/icsa-15-202-02.json,2025-06-25T22:54:14.268360Z
csaf_files/OT/white/2015/icsa-15-202-01.json,2025-06-25T22:54:08.041405Z
csaf_files/OT/white/2015/icsa-15-195-01.json,2025-06-06T21:43:23.165608Z
csaf_files/OT/white/2015/icsa-15-181-02a.json,2025-06-06T16:09:27.695836Z
csaf_files/OT/white/2015/icsa-15-181-01.json,2025-06-06T21:43:16.616537Z
csaf_files/OT/white/2015/icsa-15-176-02.json,2025-06-06T21:43:10.139031Z
csaf_files/OT/white/2015/icsa-15-176-01.json,2025-06-06T21:43:03.687724Z
csaf_files/OT/white/2015/icsa-15-174-01.json,2025-06-06T21:42:57.240178Z
csaf_files/OT/white/2015/icsa-15-169-02.json,2025-06-18T19:04:04.192744Z
csaf_files/OT/white/2015/icsa-15-169-01b.json,2025-06-18T19:03:57.981923Z
csaf_files/OT/white/2015/icsa-15-167-01.json,2025-06-06T21:42:37.652958Z
csaf_files/OT/white/2015/icsa-15-162-01a.json,2025-06-06T21:42:31.195189Z
csaf_files/OT/white/2015/icsa-15-161-01.json,2025-06-06T16:08:42.194031Z
csaf_files/OT/white/2015/icsa-15-160-02.json,2025-06-06T21:42:24.744905Z
csaf_files/OT/white/2015/icsa-15-160-01a.json,2025-06-06T21:42:18.275644Z
csaf_files/OT/white/2015/icsa-15-155-01.json,2025-06-06T21:42:11.814604Z
csaf_files/OT/white/2015/icsa-15-153-02.json,2025-06-06T21:42:05.109005Z
csaf_files/OT/white/2015/icsa-15-153-01.json,2025-06-18T19:04:10.391763Z
csaf_files/OT/white/2015/icsa-15-148-01.json,2025-06-06T21:41:52.181609Z
csaf_files/OT/white/2015/icsa-15-146-01.json,2025-06-18T19:04:16.618149Z
csaf_files/OT/white/2015/icsa-15-141-01a.json,2025-06-06T21:41:39.275086Z
csaf_files/OT/white/2015/icsa-15-132-02.json,2025-06-06T21:41:32.834568Z
csaf_files/OT/white/2015/icsa-15-132-01.json,2025-06-06T21:41:26.200883Z
csaf_files/OT/white/2015/icsa-15-125-01b.json,2025-06-06T16:07:30.609417Z
csaf_files/OT/white/2015/icsa-15-125-01.json,2025-06-06T21:41:19.746904Z
csaf_files/OT/white/2015/icsa-15-120-01.json,2025-06-06T21:41:13.287112Z
csaf_files/OT/white/2015/icsa-15-111-02.json,2025-06-06T21:41:06.693068Z
csaf_files/OT/white/2015/icsa-15-111-01.json,2025-06-06T21:41:00.174231Z
csaf_files/OT/white/2015/icsa-15-099-01e.json,2025-06-18T19:04:22.822443Z
csaf_files/OT/white/2015/icsa-15-097-01.json,2025-06-06T21:40:40.543597Z
csaf_files/OT/white/2015/icsa-15-092-01.json,2025-06-06T21:40:34.059444Z
csaf_files/OT/white/2015/icsa-15-090-03.json,2025-06-06T21:40:27.581727Z
csaf_files/OT/white/2015/icsa-15-090-02.json,2025-06-06T21:40:21.136198Z
csaf_files/OT/white/2015/icsa-15-090-01.json,2025-06-06T21:40:14.674541Z
csaf_files/OT/white/2015/icsa-15-085-01a.json,2025-06-06T21:40:08.191186Z
csaf_files/OT/white/2015/icsa-15-085-01.json,2025-06-05T22:06:04.803381Z
csaf_files/OT/white/2015/icsa-15-076-02.json,2025-06-06T21:40:01.723578Z
csaf_files/OT/white/2015/icsa-15-076-01.json,2025-06-06T21:39:55.283613Z
csaf_files/OT/white/2015/icsa-15-071-01.json,2025-06-06T21:39:48.399594Z
csaf_files/OT/white/2015/icsa-15-069-04a.json,2025-06-06T22:37:18.082701Z
csaf_files/OT/white/2015/icsa-15-069-04.json,2025-06-06T22:37:11.175255Z
csaf_files/OT/white/2015/icsa-15-069-03.json,2025-06-06T22:36:51.449296Z
csaf_files/OT/white/2015/icsa-15-069-02.json,2025-06-06T22:36:45.007018Z
csaf_files/OT/white/2015/icsa-15-069-01.json,2025-06-06T22:36:38.524138Z
csaf_files/OT/white/2015/icsa-15-064-04.json,2025-06-06T22:36:32.046323Z
csaf_files/OT/white/2015/icsa-15-064-03.json,2025-06-05T22:05:58.585431Z
csaf_files/OT/white/2015/icsa-15-064-02a.json,2025-06-06T22:36:19.130527Z
csaf_files/OT/white/2015/icsa-15-064-02.json,2025-06-06T22:36:12.657259Z
csaf_files/OT/white/2015/icsa-15-064-01a.json,2025-06-06T22:36:06.004237Z
csaf_files/OT/white/2015/icsa-15-064-01.json,2025-06-06T22:35:59.487016Z
csaf_files/OT/white/2015/icsa-15-062-02.json,2025-06-25T22:54:01.269590Z
csaf_files/OT/white/2015/icsa-15-062-01.json,2025-06-06T22:35:46.482417Z
csaf_files/OT/white/2015/icsa-15-057-01.json,2025-06-06T22:35:40.053299Z
csaf_files/OT/white/2015/icsa-15-055-03.json,2025-06-06T22:35:33.492544Z
csaf_files/OT/white/2015/icsa-15-055-02.json,2025-06-06T22:35:27.000975Z
csaf_files/OT/white/2015/icsa-15-055-01.json,2025-06-06T22:35:20.530492Z
csaf_files/OT/white/2015/icsa-15-050-01a.json,2025-06-06T22:35:07.394617Z
csaf_files/OT/white/2015/icsa-15-048-03.json,2025-06-06T22:35:00.882056Z
csaf_files/OT/white/2015/icsa-15-048-02.json,2025-06-06T22:34:47.839959Z
csaf_files/OT/white/2015/icsa-15-048-01.json,2025-06-06T22:34:34.894563Z
csaf_files/OT/white/2015/icsa-15-041-02.json,2025-06-06T22:34:28.440832Z
csaf_files/OT/white/2015/icsa-15-041-01.json,2025-06-06T16:08:16.200699Z
csaf_files/OT/white/2015/icsa-15-036-02.json,2025-06-06T22:34:21.972701Z
csaf_files/OT/white/2015/icsa-15-036-01a.json,2025-06-06T22:34:15.524601Z
csaf_files/OT/white/2015/icsa-15-034-02.json,2025-06-06T22:33:56.150269Z
csaf_files/OT/white/2015/icsa-15-034-01.json,2025-06-18T19:25:20.526318Z
csaf_files/OT/white/2015/icsa-15-029-01.json,2025-06-06T22:33:43.213614Z
csaf_files/OT/white/2015/icsa-15-027-02.json,2025-06-06T18:47:40.171170Z
csaf_files/OT/white/2015/icsa-15-027-01.json,2025-06-06T22:33:36.757982Z
csaf_files/OT/white/2015/icsa-15-022-01.json,2025-06-06T22:33:30.307653Z
csaf_files/OT/white/2015/icsa-15-020-02.json,2025-06-06T22:33:17.373978Z
csaf_files/OT/white/2015/icsa-15-020-01.json,2025-06-06T22:33:04.402280Z
csaf_files/OT/white/2015/icsa-15-013-04a.json,2025-06-06T22:32:44.963520Z
csaf_files/OT/white/2015/icsa-15-013-03.json,2025-06-06T22:32:38.508014Z
csaf_files/OT/white/2015/icsa-15-013-02.json,2025-06-06T22:32:32.033557Z
csaf_files/OT/white/2015/icsa-15-013-01.json,2025-06-06T22:32:12.568337Z
csaf_files/OT/white/2015/icsa-15-012-01c.json,2025-06-06T22:32:06.053252Z
csaf_files/OT/white/2015/icsa-15-012-01b.json,2025-06-06T22:31:59.580273Z
csaf_files/OT/white/2015/icsa-15-012-01a.json,2025-06-06T22:31:53.116696Z
csaf_files/OT/white/2015/icsa-15-012-01.json,2025-06-06T22:31:46.333944Z
csaf_files/OT/white/2015/icsa-15-008-02.json,2025-06-06T22:53:43.105671Z
csaf_files/OT/white/2015/icsa-15-008-01a.json,2025-06-06T22:53:36.666065Z
csaf_files/OT/white/2015/icsa-15-006-01.json,2025-06-06T18:47:33.703835Z
csaf_files/OT/white/2014/icsa-14-353-01c.json,2025-06-06T18:46:55.063437Z
csaf_files/OT/white/2014/icsa-14-352-02.json,2025-06-06T22:53:30.239639Z
csaf_files/OT/white/2014/icsa-14-352-01.json,2025-06-06T22:52:57.847857Z
csaf_files/OT/white/2014/icsa-14-350-02.json,2025-06-06T22:52:44.918877Z
csaf_files/OT/white/2014/icsa-14-350-01.json,2025-06-06T22:52:12.653446Z
csaf_files/OT/white/2014/icsa-14-345-01.json,2025-06-06T22:52:06.020081Z
csaf_files/OT/white/2014/icsa-14-343-02.json,2025-06-06T22:51:59.572172Z
csaf_files/OT/white/2014/icsa-14-343-01.json,2025-06-06T22:51:53.131755Z
csaf_files/OT/white/2014/icsa-14-329-02d.json,2025-06-06T22:51:40.258927Z
csaf_files/OT/white/2014/icsa-14-329-01.json,2025-06-06T22:51:33.725836Z
csaf_files/OT/white/2014/icsa-14-324-01.json,2025-06-06T22:51:27.267005Z
csaf_files/OT/white/2014/icsa-14-308-01.json,2025-06-06T22:51:20.827501Z
csaf_files/OT/white/2014/icsa-14-303-02.json,2025-06-06T22:51:14.375678Z
csaf_files/OT/white/2014/icsa-14-303-01.json,2025-06-06T22:51:07.945182Z
csaf_files/OT/white/2014/icsa-14-294-01.json,2025-06-06T22:51:01.469791Z
csaf_files/OT/white/2014/icsa-14-289-02.json,2025-06-06T22:50:54.817836Z
csaf_files/OT/white/2014/icsa-14-289-01.json,2025-06-06T22:50:48.380867Z
csaf_files/OT/white/2014/icsa-14-288-01.json,2025-06-06T22:50:22.557418Z
csaf_files/OT/white/2014/icsa-14-287-01.json,2025-06-06T22:50:16.095529Z
csaf_files/OT/white/2014/icsa-14-275-02.json,2025-06-06T22:50:03.174225Z
csaf_files/OT/white/2014/icsa-14-275-01.json,2025-06-06T22:49:56.704328Z
csaf_files/OT/white/2014/icsa-14-273-01.json,2025-06-06T18:46:48.565481Z
csaf_files/OT/white/2014/icsa-14-269-02.json,2025-06-06T22:49:50.228012Z
csaf_files/OT/white/2014/icsa-14-269-01a.json,2025-06-06T18:46:41.883464Z
csaf_files/OT/white/2014/icsa-14-261-01.json,2025-06-06T22:48:58.295004Z
csaf_files/OT/white/2014/icsa-14-260-01a.json,2025-06-06T22:48:51.805857Z
csaf_files/OT/white/2014/icsa-14-259-01a.json,2025-06-06T22:48:32.407633Z
csaf_files/OT/white/2014/icsa-14-254-02.json,2025-06-06T22:48:25.978305Z
csaf_files/OT/white/2014/icsa-14-254-01.json,2025-06-06T22:48:19.541393Z
csaf_files/OT/white/2014/icsa-14-247-01a.json,2025-06-06T22:48:06.463498Z
csaf_files/OT/white/2014/icsa-14-238-02.json,2025-06-06T18:46:09.707282Z
csaf_files/OT/white/2014/icsa-14-238-01.json,2025-06-06T22:47:53.555337Z
csaf_files/OT/white/2014/icsa-14-226-01.json,2025-06-06T22:47:47.106108Z
csaf_files/OT/white/2014/icsa-14-224-01.json,2025-06-06T22:47:21.277370Z
csaf_files/OT/white/2014/icsa-14-205-02a.json,2025-06-12T18:44:31.147692Z
csaf_files/OT/white/2014/icsa-14-205-01.json,2025-06-06T18:46:03.252742Z
csaf_files/OT/white/2014/icsa-14-203-01.json,2025-06-06T22:46:35.467432Z
csaf_files/OT/white/2014/icsa-14-202-01a.json,2025-06-06T18:45:43.946744Z
csaf_files/OT/white/2014/icsa-14-198-02.json,2025-06-06T22:46:03.132898Z
csaf_files/OT/white/2014/icsa-14-198-01.json,2025-06-06T22:45:56.681631Z
csaf_files/OT/white/2014/icsa-14-196-01.json,2025-06-06T22:45:50.215260Z
csaf_files/OT/white/2014/icsa-14-189-02.json,2025-06-06T22:45:43.410774Z
csaf_files/OT/white/2014/icsa-14-189-01.json,2025-06-09T19:50:47.578955Z
csaf_files/OT/white/2014/icsa-14-175-01.json,2025-06-09T19:50:34.818730Z
csaf_files/OT/white/2014/icsa-14-154-01.json,2025-06-09T19:50:22.034930Z
csaf_files/OT/white/2014/icsa-14-149-02.json,2025-06-09T19:50:03.330208Z
csaf_files/OT/white/2014/icsa-14-149-01.json,2025-06-09T19:49:50.848677Z
csaf_files/OT/white/2014/icsa-14-135-05.json,2025-06-09T19:49:44.423856Z
csaf_files/OT/white/2014/icsa-14-135-04.json,2025-06-09T19:49:38.008876Z
csaf_files/OT/white/2014/icsa-14-135-03a.json,2025-06-09T19:49:31.780137Z
csaf_files/OT/white/2014/icsa-14-135-02.json,2025-06-09T19:49:25.382123Z
csaf_files/OT/white/2014/icsa-14-135-01.json,2025-06-09T19:49:19.141034Z
csaf_files/OT/white/2014/icsa-14-133-02.json,2025-06-09T19:49:06.355363Z
csaf_files/OT/white/2014/icsa-14-133-01.json,2025-06-09T19:48:41.450208Z
csaf_files/OT/white/2014/icsa-14-128-01.json,2025-06-09T19:48:34.797683Z
csaf_files/OT/white/2014/icsa-14-126-01a.json,2025-06-09T19:48:28.398218Z
csaf_files/OT/white/2014/icsa-14-121-01.json,2025-06-09T19:48:15.910849Z
csaf_files/OT/white/2014/icsa-14-114-02.json,2025-06-06T18:45:30.985803Z
csaf_files/OT/white/2014/icsa-14-114-01.json,2025-06-06T18:45:24.365433Z
csaf_files/OT/white/2014/icsa-14-107-02.json,2025-06-06T18:45:17.946852Z
csaf_files/OT/white/2014/icsa-14-107-01.json,2025-06-06T18:44:58.592001Z
csaf_files/OT/white/2014/icsa-14-105-03b.json,2025-06-09T19:48:09.507058Z
csaf_files/OT/white/2014/icsa-14-105-02a.json,2025-06-06T22:55:58.996445Z
csaf_files/OT/white/2014/icsa-14-105-01.json,2025-06-12T18:44:24.886887Z
csaf_files/OT/white/2014/icsa-14-100-01.json,2025-06-09T19:48:03.239416Z
csaf_files/OT/white/2014/icsa-14-098-03.json,2025-06-09T19:47:56.923899Z
csaf_files/OT/white/2014/icsa-14-098-02.json,2025-06-09T19:47:50.675225Z
csaf_files/OT/white/2014/icsa-14-098-01.json,2025-06-09T19:47:38.220384Z
csaf_files/OT/white/2014/icsa-14-093-01.json,2025-06-09T19:47:31.991088Z
csaf_files/OT/white/2014/icsa-14-091-01.json,2025-06-09T19:47:25.741463Z
csaf_files/OT/white/2014/icsa-14-087-01a.json,2025-06-09T19:47:19.488644Z
csaf_files/OT/white/2014/icsa-14-086-01a.json,2025-06-25T22:09:32.885385Z
csaf_files/OT/white/2014/icsa-14-084-01.json,2025-06-06T22:55:26.819560Z
csaf_files/OT/white/2014/icsa-14-079-03.json,2025-06-09T19:46:04.209691Z
csaf_files/OT/white/2014/icsa-14-079-02.json,2025-06-09T19:45:26.869178Z
csaf_files/OT/white/2014/icsa-14-079-01.json,2025-06-09T19:45:14.365556Z
csaf_files/OT/white/2014/icsa-14-073-01.json,2025-06-09T19:44:18.044591Z
csaf_files/OT/white/2014/icsa-14-072-01.json,2025-06-09T19:44:11.598662Z
csaf_files/OT/white/2014/icsa-14-070-01a.json,2025-06-09T19:43:46.423532Z
csaf_files/OT/white/2014/icsa-14-058-02.json,2025-06-09T19:43:40.210642Z
csaf_files/OT/white/2014/icsa-14-058-01.json,2025-06-09T19:43:33.991609Z
csaf_files/OT/white/2014/icsa-14-051-04.json,2025-06-09T19:43:27.743131Z
csaf_files/OT/white/2014/icsa-14-051-03b.json,2025-06-09T19:43:21.515365Z
csaf_files/OT/white/2014/icsa-14-051-02.json,2025-06-09T19:43:15.290237Z
csaf_files/OT/white/2014/icsa-14-051-01.json,2025-06-09T19:43:09.046616Z
csaf_files/OT/white/2014/icsa-14-035-01.json,2025-06-09T19:42:44.156944Z
csaf_files/OT/white/2014/icsa-14-030-01.json,2025-06-09T19:42:37.929242Z
csaf_files/OT/white/2014/icsa-14-023-01.json,2025-06-09T19:42:31.704274Z
csaf_files/OT/white/2014/icsa-14-021-01.json,2025-06-09T19:42:25.052428Z
csaf_files/OT/white/2014/icsa-14-016-01.json,2025-06-06T18:44:52.152987Z
csaf_files/OT/white/2014/icsa-14-014-01.json,2025-06-06T18:44:45.696445Z
csaf_files/OT/white/2014/icsa-14-010-01.json,2025-06-06T18:44:39.268482Z
csaf_files/OT/white/2014/icsa-14-008-01.json,2025-06-06T18:44:32.855266Z
csaf_files/OT/white/2014/icsa-14-007-01b.json,2025-06-06T18:44:19.916379Z
csaf_files/OT/white/2014/icsa-14-006-01.json,2025-06-06T18:44:13.497573Z
csaf_files/OT/white/2013/icsa-13-352-01.json,2025-06-12T21:23:06.621585Z
csaf_files/OT/white/2013/icsa-13-350-01a.json,2025-06-06T18:43:53.863083Z
csaf_files/OT/white/2013/icsa-13-347-01.json,2025-06-06T18:43:47.381681Z
csaf_files/OT/white/2013/icsa-13-346-02.json,2025-06-06T18:43:40.964007Z
csaf_files/OT/white/2013/icsa-13-346-01.json,2025-06-06T18:43:28.031039Z
csaf_files/OT/white/2013/icsa-13-344-01.json,2025-06-06T22:55:13.840768Z
csaf_files/OT/white/2013/icsa-13-340-01.json,2025-06-06T18:43:15.047736Z
csaf_files/OT/white/2013/icsa-13-338-01.json,2025-06-06T18:43:08.603348Z
csaf_files/OT/white/2013/icsa-13-337-01.json,2025-06-06T18:43:02.174857Z
csaf_files/OT/white/2013/icsa-13-329-01.json,2025-06-06T18:42:55.702902Z
csaf_files/OT/white/2013/icsa-13-297-02.json,2025-06-06T18:42:42.774163Z
csaf_files/OT/white/2013/icsa-13-297-01.json,2025-06-06T18:42:29.914784Z
csaf_files/OT/white/2013/icsa-13-295-01.json,2025-06-06T18:42:17.056042Z
csaf_files/OT/white/2013/icsa-13-282-01a.json,2025-06-06T18:42:03.985605Z
csaf_files/OT/white/2013/icsa-13-277-01.json,2025-06-06T18:41:57.477223Z
csaf_files/OT/white/2013/icsa-13-276-01.json,2025-06-06T18:41:51.044803Z
csaf_files/OT/white/2013/icsa-13-274-01.json,2025-06-06T18:41:44.564454Z
csaf_files/OT/white/2013/icsa-13-259-01b.json,2025-06-06T18:41:12.361598Z
csaf_files/OT/white/2013/icsa-13-259-01a.json,2025-06-06T18:40:40.005036Z
csaf_files/OT/white/2013/icsa-13-254-01.json,2025-06-25T21:45:19.939275Z
csaf_files/OT/white/2013/icsa-13-252-01.json,2025-06-06T18:40:27.160098Z
csaf_files/OT/white/2013/icsa-13-248-01.json,2025-06-06T18:40:20.749066Z
csaf_files/OT/white/2013/icsa-13-240-01.json,2025-06-06T18:40:07.718354Z
csaf_files/OT/white/2013/icsa-13-234-02.json,2025-06-06T18:40:01.237007Z
csaf_files/OT/white/2013/icsa-13-234-01.json,2025-06-06T18:39:54.739781Z
csaf_files/OT/white/2013/icsa-13-233-01.json,2025-06-06T18:39:48.283414Z
csaf_files/OT/white/2013/icsa-13-231-01b.json,2025-06-06T18:39:41.836043Z
csaf_files/OT/white/2013/icsa-13-226-01.json,2025-06-06T18:39:35.172067Z
csaf_files/OT/white/2013/icsa-13-225-02.json,2025-06-06T18:39:22.284357Z
csaf_files/OT/white/2013/icsa-13-225-01.json,2025-06-06T18:39:15.819001Z
csaf_files/OT/white/2013/icsa-13-219-01.json,2025-06-12T18:44:12.073139Z
csaf_files/OT/white/2013/icsa-13-217-02.json,2025-06-06T18:39:09.378557Z
csaf_files/OT/white/2013/icsa-13-217-01.json,2025-06-06T18:39:02.876567Z
csaf_files/OT/white/2013/icsa-13-213-04a.json,2025-06-06T18:38:56.423839Z
csaf_files/OT/white/2013/icsa-13-213-03.json,2025-06-06T18:38:49.972335Z
csaf_files/OT/white/2013/icsa-13-213-02.json,2025-06-06T18:38:37.068310Z
csaf_files/OT/white/2013/icsa-13-213-01.json,2025-06-06T22:54:47.674263Z
csaf_files/OT/white/2013/icsa-13-189-02.json,2025-06-06T18:38:30.225993Z
csaf_files/OT/white/2013/icsa-13-189-01.json,2025-06-06T16:06:12.410332Z
csaf_files/OT/white/2013/icsa-13-184-02.json,2025-06-06T16:03:30.265909Z
csaf_files/OT/white/2013/icsa-13-184-01.json,2025-06-06T16:06:38.167917Z
csaf_files/OT/white/2013/icsa-13-170-01.json,2025-06-06T16:06:31.741308Z
csaf_files/OT/white/2013/icsa-13-169-03.json,2025-06-06T16:06:57.517659Z
csaf_files/OT/white/2013/icsa-13-169-02.json,2025-06-06T16:07:03.931759Z
csaf_files/OT/white/2013/icsa-13-169-01.json,2025-06-06T16:06:44.607249Z
csaf_files/OT/white/2013/icsa-13-161-01.json,2025-06-06T16:06:25.315778Z
csaf_files/OT/white/2013/icsa-13-142-01.json,2025-06-06T22:54:41.230556Z
csaf_files/OT/white/2013/icsa-13-140-01.json,2025-06-25T21:45:13.353340Z
csaf_files/OT/white/2013/icsa-13-136-01.json,2025-06-06T22:54:28.354036Z
csaf_files/OT/white/2013/icsa-13-116-01.json,2025-06-06T22:54:21.910443Z
csaf_files/OT/white/2013/icsa-13-113-01.json,2025-06-12T18:45:02.717561Z
csaf_files/OT/white/2013/icsa-13-106-01.json,2025-06-06T16:04:09.184522Z
csaf_files/OT/white/2013/icsa-13-100-01.json,2025-06-06T16:05:26.967911Z
csaf_files/OT/white/2013/icsa-13-098-01.json,2025-06-06T15:59:42.692019Z
csaf_files/OT/white/2013/icsa-13-095-02a.json,2025-06-06T16:00:35.472533Z
csaf_files/OT/white/2013/icsa-13-095-01.json,2025-06-06T16:05:01.099460Z
csaf_files/OT/white/2013/icsa-13-091-01.json,2025-06-06T16:05:33.422392Z
csaf_files/OT/white/2013/icsa-13-084-01.json,2025-06-06T22:53:49.627883Z
csaf_files/OT/white/2013/icsa-13-079-03.json,2025-06-06T15:58:50.552597Z
csaf_files/OT/white/2013/icsa-13-079-02.json,2025-06-06T16:04:22.166710Z
csaf_files/OT/white/2013/icsa-13-079-01.json,2025-06-06T16:04:02.714778Z
csaf_files/OT/white/2013/icsa-13-077-01b.json,2025-06-06T22:40:07.027146Z
csaf_files/OT/white/2013/icsa-13-067-02.json,2025-06-06T16:02:19.118517Z
csaf_files/OT/white/2013/icsa-13-067-01.json,2025-06-06T16:06:05.937479Z
csaf_files/OT/white/2013/icsa-13-053-02a.json,2025-06-06T16:03:23.822206Z
csaf_files/OT/white/2013/icsa-13-053-01.json,2025-06-06T16:01:40.169351Z
csaf_files/OT/white/2013/icsa-13-050-01a.json,2025-06-06T16:01:46.621212Z
csaf_files/OT/white/2013/icsa-13-045-01.json,2025-06-06T16:01:27.241267Z
csaf_files/OT/white/2013/icsa-13-043-02a.json,2025-06-06T16:02:25.604024Z
csaf_files/OT/white/2013/icsa-13-043-01.json,2025-06-06T16:03:56.204172Z
csaf_files/OT/white/2013/icsa-13-042-01.json,2025-06-06T16:00:22.532306Z
csaf_files/OT/white/2013/icsa-13-038-01a.json,2025-06-06T16:01:33.673371Z
csaf_files/OT/white/2013/icsa-13-036-02.json,2025-06-06T16:01:20.774008Z
csaf_files/OT/white/2013/icsa-13-022-02.json,2025-06-18T19:25:08.106052Z
csaf_files/OT/white/2013/icsa-13-022-01.json,2025-06-06T16:03:36.702045Z
csaf_files/OT/white/2013/icsa-13-018-01.json,2025-06-06T16:03:49.784364Z
csaf_files/OT/white/2013/icsa-13-016-01.json,2025-06-06T22:39:47.591594Z
csaf_files/OT/white/2013/icsa-13-014-01.json,2025-06-06T22:39:41.115500Z
csaf_files/OT/white/2013/icsa-13-011-03.json,2025-06-06T22:38:48.956870Z
csaf_files/OT/white/2013/icsa-13-011-02.json,2025-06-06T16:03:10.814208Z
csaf_files/OT/white/2012/icsa-12-362-01.json,2025-06-06T16:00:02.057238Z
csaf_files/OT/white/2012/icsa-12-354-02.json,2025-06-06T16:03:17.342676Z
csaf_files/OT/white/2012/icsa-12-354-01a.json,2025-06-18T19:25:01.798871Z
csaf_files/OT/white/2012/icsa-12-349-01.json,2025-06-06T22:38:35.719268Z
csaf_files/OT/white/2012/icsa-12-348-01.json,2025-06-06T16:00:15.589980Z
csaf_files/OT/white/2012/icsa-12-342-01b.json,2025-06-18T19:24:55.231514Z
csaf_files/OT/white/2012/icsa-12-341-01.json,2025-06-06T16:00:08.620714Z
csaf_files/OT/white/2012/icsa-12-335-01.json,2025-06-06T15:59:55.615986Z
csaf_files/OT/white/2012/icsa-12-325-01.json,2025-06-06T16:02:45.000511Z
csaf_files/OT/white/2012/icsa-12-320-01.json,2025-06-06T15:59:36.140401Z
csaf_files/OT/white/2012/icsa-12-305-01.json,2025-06-06T16:02:38.548497Z
csaf_files/OT/white/2012/icsa-12-297-02.json,2025-06-06T15:59:49.132209Z
csaf_files/OT/white/2012/icsa-12-297-01.json,2025-06-06T16:02:32.102905Z
csaf_files/OT/white/2012/icsa-12-283-02.json,2025-06-05T21:57:13.809905Z
csaf_files/OT/white/2012/icsa-12-283-01.json,2025-06-05T21:58:41.272530Z
csaf_files/OT/white/2012/icsa-12-271-02.json,2025-06-05T21:58:28.836669Z
csaf_files/OT/white/2012/icsa-12-271-01.json,2025-06-05T21:52:50.997308Z
csaf_files/OT/white/2012/icsa-12-265-01.json,2025-06-19T22:40:48.319564Z
csaf_files/OT/white/2012/icsa-12-263-02.json,2025-06-05T21:55:20.894201Z
csaf_files/OT/white/2012/icsa-12-263-01.json,2025-06-05T21:57:07.520195Z
csaf_files/OT/white/2012/icsa-12-262-01.json,2025-06-05T21:54:06.142288Z
csaf_files/OT/white/2012/icsa-12-258-01.json,2025-06-19T22:40:41.973320Z
csaf_files/OT/white/2012/icsa-12-256-01.json,2025-06-25T18:57:28.717208Z
csaf_files/OT/white/2012/icsa-12-251-01.json,2025-06-05T21:58:22.608280Z
csaf_files/OT/white/2012/icsa-12-249-03.json,2025-06-18T19:04:35.253383Z
csaf_files/OT/white/2012/icsa-12-249-02.json,2025-06-05T21:55:14.635429Z
csaf_files/OT/white/2012/icsa-12-249-01.json,2025-06-05T21:58:03.958858Z
csaf_files/OT/white/2012/icsa-12-243-01.json,2025-06-05T21:55:08.385462Z
csaf_files/OT/white/2012/icsa-12-234-01.json,2025-06-05T21:52:26.050859Z
csaf_files/OT/white/2012/icsa-12-228-01a.json,2025-06-18T19:04:29.046428Z
csaf_files/OT/white/2012/icsa-12-227-01.json,2025-06-05T21:54:24.813649Z
csaf_files/OT/white/2012/icsa-12-214-01.json,2025-06-05T21:55:39.640975Z
csaf_files/OT/white/2012/icsa-12-213-01a.json,2025-06-05T21:45:39.994092Z
csaf_files/OT/white/2012/icsa-12-212-02.json,2025-06-05T21:57:57.435398Z
csaf_files/OT/white/2012/icsa-12-212-01.json,2025-06-05T21:55:33.425172Z
csaf_files/OT/white/2012/icsa-12-205-02.json,2025-06-06T22:38:22.736168Z
csaf_files/OT/white/2012/icsa-12-205-01.json,2025-06-05T21:58:53.729851Z
csaf_files/OT/white/2012/icsa-12-201-01.json,2025-06-05T21:50:46.020053Z
csaf_files/OT/white/2012/icsa-12-185-01.json,2025-06-06T22:37:50.390140Z
csaf_files/OT/white/2012/icsa-12-179-01.json,2025-06-05T21:48:47.262805Z
csaf_files/OT/white/2012/icsa-12-177-02.json,2025-06-06T22:37:43.923140Z
csaf_files/OT/white/2012/icsa-12-171-01.json,2025-06-05T21:50:39.771574Z
csaf_files/OT/white/2012/icsa-12-167-01.json,2025-06-06T22:37:37.465622Z
csaf_files/OT/white/2012/icsa-12-158-01.json,2025-06-05T21:48:16.105605Z
csaf_files/OT/white/2012/icsa-12-150-01.json,2025-06-17T15:46:24.572627Z
csaf_files/OT/white/2012/icsa-12-146-01a.json,2025-06-17T15:46:18.307459Z
csaf_files/OT/white/2012/icsa-12-145-02.json,2025-06-25T18:57:03.441531Z
csaf_files/OT/white/2012/icsa-12-145-01.json,2025-06-05T21:58:16.398215Z
csaf_files/OT/white/2012/icsa-12-138-01.json,2025-06-17T15:45:47.164093Z
csaf_files/OT/white/2012/icsa-12-137-02.json,2025-06-06T22:37:31.006003Z
csaf_files/OT/white/2012/icsa-12-131-02.json,2025-06-05T21:50:21.057143Z
csaf_files/OT/white/2012/icsa-12-131-01.json,2025-06-06T22:37:24.554697Z
csaf_files/OT/white/2012/icsa-12-129-01.json,2025-06-06T21:45:26.636405Z
csaf_files/OT/white/2012/icsa-12-122-01.json,2025-06-06T21:45:20.208792Z
csaf_files/OT/white/2012/icsa-12-102-05.json,2025-06-06T21:45:13.758298Z
csaf_files/OT/white/2012/icsa-12-102-04.json,2025-06-06T21:45:07.306451Z
csaf_files/OT/white/2012/icsa-12-102-03.json,2025-06-06T21:45:00.844061Z
csaf_files/OT/white/2012/icsa-12-102-02.json,2025-06-06T21:44:54.405200Z
csaf_files/OT/white/2012/icsa-12-102-01.json,2025-06-06T21:44:47.952815Z
csaf_files/OT/white/2012/icsa-12-095-01a.json,2025-06-06T21:44:41.492952Z
csaf_files/OT/white/2012/icsa-12-088-01a.json,2025-06-06T21:44:35.026913Z
csaf_files/OT/white/2012/icsa-12-083-01.json,2025-06-06T21:44:28.588784Z
csaf_files/OT/white/2012/icsa-12-081-01.json,2025-06-05T21:47:07.576830Z
csaf_files/OT/white/2012/icsa-12-079-01.json,2025-06-18T19:03:45.218685Z
csaf_files/OT/white/2012/icsa-12-062-01.json,2025-06-17T15:45:28.468819Z
csaf_files/OT/white/2012/icsa-12-059-01.json,2025-06-17T15:45:21.808130Z
csaf_files/OT/white/2012/icsa-12-047-01a.json,2025-06-17T15:46:30.792399Z
csaf_files/OT/white/2012/icsa-12-032-03.json,2025-06-18T19:03:51.787688Z
csaf_files/OT/white/2012/icsa-12-032-02.json,2025-06-06T21:44:08.900302Z
csaf_files/OT/white/2012/icsa-12-032-01.json,2025-06-06T21:44:02.422128Z
csaf_files/OT/white/2012/icsa-12-030-01a.json,2025-06-09T16:35:39.943110Z
csaf_files/OT/white/2012/icsa-12-025-02a.json,2025-06-05T21:58:10.182246Z
csaf_files/OT/white/2012/icsa-12-024-02.json,2025-06-09T16:35:20.987121Z
csaf_files/OT/white/2012/icsa-12-024-01.json,2025-06-09T16:35:08.232133Z
csaf_files/OT/white/2012/icsa-12-018-01b.json,2025-06-09T16:35:02.023038Z
csaf_files/OT/white/2012/icsa-12-016-01.json,2025-06-09T16:34:49.600837Z
csaf_files/OT/white/2012/icsa-12-013-01.json,2025-06-09T16:34:37.147014Z
csaf_files/OT/white/2012/icsa-12-012-01a.json,2025-06-09T16:34:24.700109Z
csaf_files/OT/white/2012/icsa-12-006-01.json,2025-06-09T16:34:06.000552Z
csaf_files/OT/white/2011/icsa-11-362-01.json,2025-06-09T16:33:59.781942Z
csaf_files/OT/white/2011/icsa-11-361-01.json,2025-06-09T16:33:34.827604Z
csaf_files/OT/white/2011/icsa-11-356-01.json,2025-06-05T21:54:31.029394Z
csaf_files/OT/white/2011/icsa-11-355-02.json,2025-06-09T16:33:28.540538Z
csaf_files/OT/white/2011/icsa-11-355-01.json,2025-06-09T16:33:22.315361Z
csaf_files/OT/white/2011/icsa-11-353-01.json,2025-06-09T16:33:16.051366Z
csaf_files/OT/white/2011/icsa-11-343-01.json,2025-06-09T16:33:03.608185Z
csaf_files/OT/white/2011/icsa-11-340-01.json,2025-06-09T19:53:05.359419Z
csaf_files/OT/white/2011/icsa-11-335-01.json,2025-06-09T19:52:59.122386Z
csaf_files/OT/white/2011/icsa-11-332-01a.json,2025-06-05T21:50:14.861339Z
csaf_files/OT/white/2011/icsa-11-319-01.json,2025-06-09T19:52:46.658796Z
csaf_files/OT/white/2011/icsa-11-314-01.json,2025-06-09T19:52:40.428887Z
csaf_files/OT/white/2011/icsa-11-307-01.json,2025-06-09T19:52:15.424002Z
csaf_files/OT/white/2011/icsa-11-298-01a.json,2025-06-09T19:52:09.187490Z
csaf_files/OT/white/2011/icsa-11-294-01.json,2025-06-09T19:51:50.522681Z
csaf_files/OT/white/2011/icsa-11-280-01.json,2025-06-09T19:51:25.265310Z
csaf_files/OT/white/2011/icsa-11-279-04.json,2025-06-09T19:51:19.034220Z
csaf_files/OT/white/2011/icsa-11-279-03a.json,2025-06-09T19:51:12.801318Z
csaf_files/OT/white/2011/icsa-11-279-02.json,2025-06-09T19:51:06.585776Z
csaf_files/OT/white/2011/icsa-11-279-01.json,2025-06-09T19:51:00.349798Z
csaf_files/OT/white/2011/icsa-11-277-01.json,2025-06-09T19:50:53.798376Z
csaf_files/OT/white/2011/icsa-11-273-03a.json,2025-06-05T21:45:33.778304Z
csaf_files/OT/white/2011/icsa-11-273-02.json,2025-06-05T21:45:27.545317Z
csaf_files/OT/white/2011/icsa-11-264-01.json,2025-06-05T21:45:21.339015Z
csaf_files/OT/white/2011/icsa-11-263-01.json,2025-06-05T21:44:56.393208Z
csaf_files/OT/white/2011/icsa-11-244-01.json,2025-06-05T21:44:50.125517Z
csaf_files/OT/white/2011/icsa-11-243-03a.json,2025-06-05T21:44:43.901026Z
csaf_files/OT/white/2011/icsa-11-243-02.json,2025-06-05T21:44:37.673447Z
csaf_files/OT/white/2011/icsa-11-243-01.json,2025-06-05T21:44:31.462554Z
csaf_files/OT/white/2011/icsa-11-216-01.json,2025-06-05T21:44:25.242970Z
csaf_files/OT/white/2011/icsa-11-195-01.json,2025-06-05T21:44:19.036950Z
csaf_files/OT/white/2011/icsa-11-182-02.json,2025-06-05T21:44:12.818563Z
csaf_files/OT/white/2011/icsa-11-182-01.json,2025-06-05T21:44:06.588747Z
csaf_files/OT/white/2011/icsa-11-175-01.json,2025-06-09T17:27:42.494579Z
csaf_files/OT/white/2011/icsa-11-167-01.json,2025-06-09T17:27:36.242999Z
csaf_files/OT/white/2011/icsa-11-131-01.json,2025-06-09T17:27:30.000102Z
csaf_files/OT/white/2011/icsa-11-122-01.json,2025-06-25T18:13:52.027870Z
csaf_files/OT/white/2011/icsa-11-119-01.json,2025-06-09T17:27:17.552804Z
csaf_files/OT/white/2011/icsa-11-094-02b.json,2025-06-05T21:58:59.981629Z
csaf_files/OT/white/2011/icsa-11-094-01.json,2025-06-09T17:27:11.317840Z
csaf_files/OT/white/2011/icsa-11-082-01.json,2025-06-09T17:27:05.078770Z
csaf_files/OT/white/2011/icsa-11-074-01.json,2025-06-09T17:26:58.846835Z
csaf_files/OT/white/2011/icsa-11-069-01b.json,2025-06-09T17:26:52.608805Z
csaf_files/OT/white/2011/icsa-11-018-02.json,2025-06-09T17:26:46.401729Z
csaf_files/OT/white/2011/icsa-11-017-02.json,2025-06-09T17:26:40.152728Z
csaf_files/OT/white/2011/icsa-11-017-01.json,2025-06-09T17:26:33.851054Z
csaf_files/OT/white/2010/icsa-10-348-01a.json,2025-06-17T16:50:19.269504Z
csaf_files/OT/white/2010/icsa-10-337-01.json,2025-06-05T22:08:57.337024Z
csaf_files/OT/white/2010/icsa-10-322-02a.json,2025-06-17T16:50:13.013737Z
csaf_files/OT/white/2010/icsa-10-322-01.json,2025-06-05T22:08:38.193155Z
csaf_files/OT/white/2010/icsa-10-316-01a.json,2025-06-05T22:08:03.683549Z
csaf_files/OT/white/2010/icsa-10-147-01.json,2025-06-05T22:07:03.531375Z
